DROP DATABASE IF EXISTS ecommercestore;
CREATE DATABASE ecommercestore;
use ecommercestore;

CREATE TABLE customers(
customer_id INT NOT NULL PRIMARY KEY auto_increment,
first_name VARCHAR(50) NOT NULL, 
last_name VARCHAR(50) NOT NULL,
birth_date DATE DEFAULT NULL,
phone VARCHAR(50) NOT NULL,
email VARCHAR(50) DEFAULT NULL,
street_address VARCHAR(50) NOT NULL,
city VARCHAR(50) NOT NULL, 
state VARCHAR(50) NOT NULL,
points INT );

insert into customers (customer_id, first_name, last_name, birth_date, phone, email, street_address, city, state , points) values (1, 'Leanor', 'Syde', '1978-11-16', '862-639-0489', 'lsyde0@oakley.com', '9396 Comanche Trail', 'Newark', 'NJ', 3238);
insert into customers (customer_id, first_name, last_name, birth_date, phone, email, street_address, city, state , points) values (2, 'Conrado', 'Pinke', '2001-08-16', '512-440-3848', 'cpinke1@discovery.com', '739 Pond Drive', 'Austin', 'TX', 6860);
insert into customers (customer_id, first_name, last_name, birth_date, phone, email, street_address, city, state , points) values (3, 'Filmore', 'Linnit', '1954-07-25', '203-421-2312', 'flinnit2@nbcnews.com', '3 Jenna Avenue', 'New Haven', 'CT', 1506);
insert into customers (customer_id, first_name, last_name, birth_date, phone, email, street_address, city, state , points) values (4, 'Fee', 'Conneau', '1994-10-04', '480-382-3487', 'fconneau3@tinypic.com', '67045 Pennsylvania Drive', 'Gilbert', 'AZ', 2879);
insert into customers (customer_id, first_name, last_name, birth_date, phone, email, street_address, city, state , points) values (5, 'Molli', 'Butrimovich', '1963-04-08', '785-112-3346', 'mbutrimovich4@imdb.com', '017 Norway Maple Pass', 'Topeka', 'KS', 7665);
insert into customers (customer_id, first_name, last_name, birth_date, phone, email, street_address, city, state , points) values (6, 'Queenie', 'Tarpey', '2002-06-21', '907-892-4551', 'qtarpey5@bloomberg.com', '76101 Green Ridge Terrace', 'Anchorage', 'AK', 8160);
insert into customers (customer_id, first_name, last_name, birth_date, phone, email, street_address, city, state , points) values (7, 'Dukey', 'Littlejohn', '1971-09-25', '803-779-5911', 'dlittlejohn6@nbcnews.com', '0 Menomonie Terrace', 'Aiken', 'SC', 4243);
insert into customers (customer_id, first_name, last_name, birth_date, phone, email, street_address, city, state , points) values (8, 'Analiese', 'Seebright', '1999-07-21', '865-571-8422', null, '9332 Gale Street', 'Knoxville', 'TN', 2660);
insert into customers (customer_id, first_name, last_name, birth_date, phone, email, street_address, city, state , points) values (9, 'Pen', 'Kindleysides', '1982-01-08', '313-463-2704', 'pkindleysides8@walmart.com', '896 Straubel Hill', 'Detroit', 'MI', 8443);
insert into customers (customer_id, first_name, last_name, birth_date, phone, email, street_address, city, state , points) values (10, 'Arnold', 'D''Agostino', '1990-03-31', '754-654-3120', 'adagostino9@kickstarter.com', '879 Sachtjen Trail', 'Pompano Beach', 'FL', 5616);
insert into customers (customer_id, first_name, last_name, birth_date, phone, email, street_address, city, state , points) values (11, 'Jarred', 'Skeldon', '1982-07-17', '303-102-2637', 'jskeldona@freewebs.com', '49812 Pennsylvania Park', 'Boulder', 'CO', 9435);
insert into customers (customer_id, first_name, last_name, birth_date, phone, email, street_address, city, state , points) values (12, 'Alfonso', 'Stain', '1971-03-17', '727-119-4750', null, '5 Ridge Oak Plaza', 'Clearwater', 'FL', 1002);
insert into customers (customer_id, first_name, last_name, birth_date, phone, email, street_address, city, state , points) values (13, 'Imojean', 'Huncoot', '1975-03-23', '970-514-7120', 'ihuncootc@cloudflare.com', '7243 Nova Plaza', 'Greeley', 'CO', 2122);
insert into customers (customer_id, first_name, last_name, birth_date, phone, email, street_address, city, state , points) values (14, 'Hakeem', 'Vasnetsov', '1950-04-10', '402-813-2250', 'hvasnetsovd@youku.com', '8 Arkansas Lane', 'Lincoln', 'NE', 7653);
insert into customers (customer_id, first_name, last_name, birth_date, phone, email, street_address, city, state , points) values (15, 'Adoree', 'Cowoppe', '2001-03-23', '865-552-0494', 'acowoppee@miibeian.gov.cn', '9137 Schiller Place', 'Knoxville', 'TN', 3369);
insert into customers (customer_id, first_name, last_name, birth_date, phone, email, street_address, city, state , points) values (16, 'Pamelina', 'Guiett', '1966-08-20', '512-137-4981', 'pguiettf@theguardian.com', '0868 Clarendon Junction', 'Austin', 'TX', 9257);
insert into customers (customer_id, first_name, last_name, birth_date, phone, email, street_address, city, state , points) values (17, 'Bone', 'Evitt', '1953-11-29', '402-865-6393', null, '98660 Portage Street', 'Omaha', 'NE', 2308);
insert into customers (customer_id, first_name, last_name, birth_date, phone, email, street_address, city, state , points) values (18, 'Spencer', 'Titherington', '1957-12-22', '916-387-6351', 'stitheringtonh@cbsnews.com', '15849 Packers Park', 'Chico', 'CA', 2346);
insert into customers (customer_id, first_name, last_name, birth_date, phone, email, street_address, city, state , points) values (19, 'Ricoriki', 'Joncic', '1952-04-30', '713-204-5697', null, '7 Pine View Crossing', 'Houston', 'TX', 1384);
insert into customers (customer_id, first_name, last_name, birth_date, phone, email, street_address, city, state , points) values (20, 'Kipp', 'Brugger', '1995-05-16', '915-815-0922', 'kbruggerj@feedburner.com', '84 Mandrake Parkway', 'El Paso', 'TX', 9881);
insert into customers (customer_id, first_name, last_name, birth_date, phone, email, street_address, city, state , points) values (21, 'Gunar', 'McTavy', '1964-02-02', '786-225-0988', null, '19 Delaware Place', 'Miami', 'FL', 4105);
insert into customers (customer_id, first_name, last_name, birth_date, phone, email, street_address, city, state , points) values (22, 'Dottie', 'Faulder', '1977-12-21', '309-672-2052', 'dfaulderl@google.cn', '342 Dixon Hill', 'Peoria', 'IL', 6131);
insert into customers (customer_id, first_name, last_name, birth_date, phone, email, street_address, city, state , points) values (23, 'Jessa', 'Robilliard', '1954-06-12', '612-893-7678', null, '591 Mallard Drive', 'Minneapolis', 'MN', 5249);
insert into customers (customer_id, first_name, last_name, birth_date, phone, email, street_address, city, state , points) values (24, 'Noe', 'Smales', '1999-03-01', '609-229-9781', 'nsmalesn@comcast.net', '1 Quincy Plaza', 'Trenton', 'NJ', 3873);
insert into customers (customer_id, first_name, last_name, birth_date, phone, email, street_address, city, state , points) values (25, 'Barrett', 'Yantsev', null, '214-938-9350', 'byantsevo@netlog.com', '21922 Jenna Road', 'Dallas', 'TX', 9242);
insert into customers (customer_id, first_name, last_name, birth_date, phone, email, street_address, city, state , points) values (26, 'Maxi', 'Lodemann', '1956-09-19', '415-911-4630', null, '5 Jackson Way', 'San Francisco', 'CA', 2230);
insert into customers (customer_id, first_name, last_name, birth_date, phone, email, street_address, city, state , points) values (27, 'Edin', 'Whitcher', '1991-06-01', '858-128-9943', 'ewhitcherq@list-manage.com', '90498 Melody Avenue', 'Santa Clara', 'CA', 991);
insert into customers (customer_id, first_name, last_name, birth_date, phone, email, street_address, city, state , points) values (28, 'Averil', 'Brear', null, '334-916-9231', 'abrearr@scientificamerican.com', '361 Everett Pass', 'Montgomery', 'AL', 7663);
insert into customers (customer_id, first_name, last_name, birth_date, phone, email, street_address, city, state , points) values (29, 'Tiler', 'Stanton', '1998-06-13', '727-939-9125', 'tstantons@shinystat.com', '04 Petterle Trail', 'Saint Petersburg', 'FL', 7856);
insert into customers (customer_id, first_name, last_name, birth_date, phone, email, street_address, city, state , points) values (30, 'Den', 'Kettley', '1976-09-10', '423-535-9266', 'dkettleyt@ucoz.ru', '037 Lighthouse Bay Drive', 'Chattanooga', 'TN', 7067);
insert into customers (customer_id, first_name, last_name, birth_date, phone, email, street_address, city, state , points) values (31, 'Charmian', 'David', '1950-05-30', '320-199-5973', 'cdavidu@constantcontact.com', '21 Golf View Junction', 'Saint Cloud', 'MN', 5164);
insert into customers (customer_id, first_name, last_name, birth_date, phone, email, street_address, city, state , points) values (32, 'Modesta', 'Wright', '1998-01-16', '256-198-3343', null, '25 Fairfield Road', 'Huntsville', 'AL', 793);
insert into customers (customer_id, first_name, last_name, birth_date, phone, email, street_address, city, state , points) values (33, 'Davon', 'Iozefovich', '1951-01-19', '619-736-4101', null, '772 Sutteridge Circle', 'San Diego', 'CA', 1240);
insert into customers (customer_id, first_name, last_name, birth_date, phone, email, street_address, city, state , points) values (34, 'Rex', 'Boscher', null, '412-540-3966', null, '500 Loomis Crossing', 'Pittsburgh', 'PA', 1309);
insert into customers (customer_id, first_name, last_name, birth_date, phone, email, street_address, city, state , points) values (35, 'Adria', 'Bernardot', '1970-03-08', '808-812-2905', 'abernardoty@patch.com', '7 Warbler Street', 'Honolulu', 'HI', 4446);
insert into customers (customer_id, first_name, last_name, birth_date, phone, email, street_address, city, state , points) values (36, 'Perren', 'Hadeke', '1972-12-03', '414-437-5036', 'phadekez@people.com.cn', '56 Granby Way', 'Milwaukee', 'WI', 2877);
insert into customers (customer_id, first_name, last_name, birth_date, phone, email, street_address, city, state , points) values (37, 'Beck', 'Exell', '1956-01-19', '508-599-4318', 'bexell10@msu.edu', '78160 Anhalt Lane', 'Worcester', 'MA', null);
insert into customers (customer_id, first_name, last_name, birth_date, phone, email, street_address, city, state , points) values (38, 'Marie', 'Balogh', '1992-05-04', '317-509-9423', null, '3 Blackbird Place', 'Indianapolis', 'IN', 1148);
insert into customers (customer_id, first_name, last_name, birth_date, phone, email, street_address, city, state , points) values (39, 'Hardy', 'Dorward', null, '701-729-4829', 'hdorward12@github.com', '1696 Northview Trail', 'Grand Forks', 'ND', 8192);
insert into customers (customer_id, first_name, last_name, birth_date, phone, email, street_address, city, state , points) values (40, 'Latashia', 'Hay', '1983-11-12', '336-897-6843', 'lhay13@jigsy.com', '097 Merchant Center', 'Greensboro', 'NC', 3705);
insert into customers (customer_id, first_name, last_name, birth_date, phone, email, street_address, city, state , points) values (41, 'Fowler', 'Eberz', '1955-01-29', '937-680-0945', 'feberz14@bizjournals.com', '89538 Beilfuss Way', 'Dayton', 'OH', 178);
insert into customers (customer_id, first_name, last_name, birth_date, phone, email, street_address, city, state , points) values (42, 'Hamlin', 'Clucas', '1956-08-24', '202-634-5228', 'hclucas15@multiply.com', '10 Fairview Trail', 'Washington', 'DC', null);
insert into customers (customer_id, first_name, last_name, birth_date, phone, email, street_address, city, state , points) values (43, 'Bronnie', 'Thexton', '1996-12-17', '915-685-8337', 'bthexton16@pagesperso-orange.fr', '9 Fisk Place', 'El Paso', 'TX', 4127);
insert into customers (customer_id, first_name, last_name, birth_date, phone, email, street_address, city, state , points) values (44, 'Farlee', 'Brockley', '1988-12-24', '202-970-1359', 'fbrockley17@feedburner.com', '97278 Lawn Parkway', 'Washington', 'DC', 1091);
insert into customers (customer_id, first_name, last_name, birth_date, phone, email, street_address, city, state , points) values (45, 'Alicea', 'Roumier', '1969-12-01', '502-229-0781', 'aroumier18@prweb.com', '3790 Ryan Road', 'Louisville', 'KY', 3413);
insert into customers (customer_id, first_name, last_name, birth_date, phone, email, street_address, city, state , points) values (46, 'Mariya', 'Joiner', '1993-05-26', '901-359-9307', 'mjoiner19@storify.com', '5186 Bluestem Avenue', 'Memphis', 'TN', 2573);
insert into customers (customer_id, first_name, last_name, birth_date, phone, email, street_address, city, state , points) values (47, 'Celinka', 'Thornton-Dewhirst', '1993-08-06', '504-295-2846', 'cthorntondewhirst1a@amazon.co.uk', '36017 Haas Lane', 'Metairie', 'LA', 3645);
insert into customers (customer_id, first_name, last_name, birth_date, phone, email, street_address, city, state , points) values (48, 'Ashlen', 'Maybury', null, '339-176-7900', null, '421 Moose Trail', 'Boston', 'MA', 1916);
insert into customers (customer_id, first_name, last_name, birth_date, phone, email, street_address, city, state , points) values (49, 'Charlene', 'Conaghan', '1986-08-13', '510-146-1743', 'cconaghan1c@washington.edu', '64535 Larry Place', 'Oakland', 'CA', 5216);
insert into customers (customer_id, first_name, last_name, birth_date, phone, email, street_address, city, state , points) values (50, 'Giacomo', 'Morl', '1964-03-06', '254-638-8142', 'gmorl1d@berkeley.edu', '59853 Boyd Pass', 'Waco', 'TX', 3116);
insert into customers (customer_id, first_name, last_name, birth_date, phone, email, street_address, city, state , points) values (51, 'Darb', 'Lidgertwood', '1992-06-15', '731-555-2903', null, '25666 Carioca Lane', 'Jackson', 'TN', null);
insert into customers (customer_id, first_name, last_name, birth_date, phone, email, street_address, city, state , points) values (52, 'Charla', 'Tutsell', '1971-12-03', '352-812-4019', null, '090 Logan Drive', 'Gainesville', 'FL', 9422);
insert into customers (customer_id, first_name, last_name, birth_date, phone, email, street_address, city, state , points) values (53, 'Garner', 'Fury', '1974-10-29', '805-511-5493', null, '60460 Bunker Hill Terrace', 'San Luis Obispo', 'CA', null);
insert into customers (customer_id, first_name, last_name, birth_date, phone, email, street_address, city, state , points) values (54, 'Isidro', 'Kenneford', '1952-02-07', '915-106-4051', 'ikenneford1h@ow.ly', '0 Melvin Street', 'El Paso', 'TX', null);
insert into customers (customer_id, first_name, last_name, birth_date, phone, email, street_address, city, state , points) values (55, 'Effie', 'Rickell', '1960-07-25', '602-489-5252', null, '364 Forest Dale Drive', 'Phoenix', 'AZ', 9002);
insert into customers (customer_id, first_name, last_name, birth_date, phone, email, street_address, city, state , points) values (56, 'Anselm', 'Clemerson', '1964-05-29', '214-269-2074', 'aclemerson1j@scientificamerican.com', '87366 Springview Terrace', 'Dallas', 'TX', 1461);
insert into customers (customer_id, first_name, last_name, birth_date, phone, email, street_address, city, state , points) values (57, 'Oona', 'Spriggen', '2001-10-06', '915-160-6863', 'ospriggen1k@csmonitor.com', '718 Thierer Center', 'El Paso', 'TX', 4889);
insert into customers (customer_id, first_name, last_name, birth_date, phone, email, street_address, city, state , points) values (58, 'Shep', 'Lockyear', '1998-10-25', '267-163-1622', null, '453 Forest Lane', 'Philadelphia', 'PA', 7577);
insert into customers (customer_id, first_name, last_name, birth_date, phone, email, street_address, city, state , points) values (59, 'Debra', 'Schild', '1952-05-11', '516-154-6520', 'dschild1m@pagesperso-orange.fr', '7 Spaight Park', 'Hicksville', 'NY', 6864);
insert into customers (customer_id, first_name, last_name, birth_date, phone, email, street_address, city, state , points) values (60, 'Catherine', 'Shovelin', '1993-04-14', '253-678-8352', null, '0771 Hayes Avenue', 'Tacoma', 'WA', 2975);
insert into customers (customer_id, first_name, last_name, birth_date, phone, email, street_address, city, state , points) values (61, 'Bale', 'Nashe', '1962-02-08', '972-909-8653', 'bnashe1o@reference.com', '55 Banding Point', 'Dallas', 'TX', 1510);
insert into customers (customer_id, first_name, last_name, birth_date, phone, email, street_address, city, state , points) values (62, 'Reuven', 'Blanden', '1969-08-16', '859-868-9411', null, '678 Autumn Leaf Junction', 'Lexington', 'KY', 9179);
insert into customers (customer_id, first_name, last_name, birth_date, phone, email, street_address, city, state , points) values (63, 'Bink', 'Britcher', '1951-09-29', '515-114-9775', null, '40 Emmet Place', 'Des Moines', 'IA', 9815);
insert into customers (customer_id, first_name, last_name, birth_date, phone, email, street_address, city, state , points) values (64, 'Nikola', 'Wimpeney', '1990-02-26', '727-729-7527', 'nwimpeney1r@google.com.br', '10278 Butterfield Way', 'Clearwater', 'FL', 7175);
insert into customers (customer_id, first_name, last_name, birth_date, phone, email, street_address, city, state , points) values (65, 'Evelin', 'Picker', '1963-12-10', '954-321-3888', null, '25 Green Junction', 'Fort Lauderdale', 'FL', 9615);
insert into customers (customer_id, first_name, last_name, birth_date, phone, email, street_address, city, state , points) values (66, 'Ibrahim', 'Jillions', '1978-04-14', '269-336-6934', 'ijillions1t@shutterfly.com', '8 Lunder Crossing', 'Kalamazoo', 'MI', 9219);
insert into customers (customer_id, first_name, last_name, birth_date, phone, email, street_address, city, state , points) values (67, 'Wenonah', 'Menchenton', null, '915-405-8241', 'wmenchenton1u@fastcompany.com', '48161 Sheridan Road', 'El Paso', 'TX', 924);
insert into customers (customer_id, first_name, last_name, birth_date, phone, email, street_address, city, state , points) values (68, 'Ceciley', 'Bennedick', '1971-03-31', '206-791-4524', 'cbennedick1v@over-blog.com', '28 Hintze Lane', 'Bellevue', 'WA', 9235);
insert into customers (customer_id, first_name, last_name, birth_date, phone, email, street_address, city, state , points) values (69, 'Phelia', 'Trumper', '1978-09-07', '305-265-4106', 'ptrumper1w@ft.com', '33047 Troy Street', 'Hollywood', 'FL', 6622);
insert into customers (customer_id, first_name, last_name, birth_date, phone, email, street_address, city, state , points) values (70, 'Guillermo', 'Hewson', '1955-05-19', '209-513-0805', 'ghewson1x@blinklist.com', '3 Butternut Lane', 'Fresno', 'CA', 5413);
insert into customers (customer_id, first_name, last_name, birth_date, phone, email, street_address, city, state , points) values (71, 'Cordula', 'Falkus', '1985-07-19', '504-605-6178', 'cfalkus1y@t-online.de', '38 Carpenter Point', 'New Orleans', 'LA', 9084);
insert into customers (customer_id, first_name, last_name, birth_date, phone, email, street_address, city, state , points) values (72, 'Zeb', 'Bradnock', '1973-04-19', '334-678-7248', null, '49 Aberg Hill', 'Montgomery', 'AL', 1195);
insert into customers (customer_id, first_name, last_name, birth_date, phone, email, street_address, city, state , points) values (73, 'Winny', 'Barosch', '1985-06-10', '626-234-7479', 'wbarosch20@google.ru', '713 Darwin Hill', 'Pasadena', 'CA', 2594);
insert into customers (customer_id, first_name, last_name, birth_date, phone, email, street_address, city, state , points) values (74, 'Denys', 'Werny', '1985-12-22', '817-570-5249', 'dwerny21@phpbb.com', '08 Porter Place', 'Arlington', 'TX', 6496);
insert into customers (customer_id, first_name, last_name, birth_date, phone, email, street_address, city, state , points) values (75, 'Gertrude', 'Fraschini', '1956-05-16', '801-266-9956', null, '3448 Weeping Birch Court', 'Salt Lake City', 'UT', 9580);
insert into customers (customer_id, first_name, last_name, birth_date, phone, email, street_address, city, state , points) values (76, 'Clay', 'Weatherell', '1975-06-14', '801-684-7363', 'cweatherell23@phpbb.com', '622 Old Shore Drive', 'Ogden', 'UT', 7549);
insert into customers (customer_id, first_name, last_name, birth_date, phone, email, street_address, city, state , points) values (77, 'Aprilette', 'Gauche', '1992-11-11', '314-697-8445', 'agauche24@answers.com', '2374 Kipling Terrace', 'Saint Louis', 'MO', 1337);
insert into customers (customer_id, first_name, last_name, birth_date, phone, email, street_address, city, state , points) values (78, 'Delbert', 'Brennenstuhl', '1985-11-16', '704-739-8070', 'dbrennenstuhl25@reuters.com', '7054 Anderson Street', 'Charlotte', 'NC', 7892);
insert into customers (customer_id, first_name, last_name, birth_date, phone, email, street_address, city, state , points) values (79, 'Jillene', 'Izkoveski', '1996-10-23', '212-773-3271', null, '72691 Sugar Plaza', 'Jamaica', 'NY', 9063);
insert into customers (customer_id, first_name, last_name, birth_date, phone, email, street_address, city, state , points) values (80, 'Willi', 'Craythorn', '1960-02-07', '202-105-0307', null, '83798 Banding Plaza', 'Washington', 'DC', 7639);
insert into customers (customer_id, first_name, last_name, birth_date, phone, email, street_address, city, state , points) values (81, 'Alejandro', 'Martineau', '1963-02-13', '432-582-0536', null, '60 Holmberg Court', 'Odessa', 'TX', 2368);
insert into customers (customer_id, first_name, last_name, birth_date, phone, email, street_address, city, state , points) values (82, 'Lindy', 'Chadderton', '1996-01-10', '360-956-0318', 'lchadderton29@gnu.org', '2534 Northridge Lane', 'Olympia', 'WA', 7865);
insert into customers (customer_id, first_name, last_name, birth_date, phone, email, street_address, city, state , points) values (83, 'Sheffy', 'McGraffin', '1962-04-18', '719-739-6099', 'smcgraffin2a@tripadvisor.com', '6786 Pine View Circle', 'Colorado Springs', 'CO', 1302);
insert into customers (customer_id, first_name, last_name, birth_date, phone, email, street_address, city, state , points) values (84, 'Sheffy', 'Bog', '1951-07-12', '260-291-6677', 'sbog2b@devhub.com', '56180 Hintze Avenue', 'Fort Wayne', 'IN', 9370);
insert into customers (customer_id, first_name, last_name, birth_date, phone, email, street_address, city, state , points) values (85, 'Cynthie', 'Leafe', '2002-01-04', '713-496-7798', 'cleafe2c@drupal.org', '89423 Elka Crossing', 'Houston', 'TX', 2619);
insert into customers (customer_id, first_name, last_name, birth_date, phone, email, street_address, city, state , points) values (86, 'Berry', 'Dubose', '1972-03-30', '239-697-5014', 'bdubose2d@earthlink.net', '73 Valley Edge Crossing', 'Naples', 'FL', null);
insert into customers (customer_id, first_name, last_name, birth_date, phone, email, street_address, city, state , points) values (87, 'Tybi', 'Zuker', '1990-05-26', '202-365-7954', 'tzuker2e@pagesperso-orange.fr', '3124 Hudson Pass', 'Washington', 'DC', 3114);
insert into customers (customer_id, first_name, last_name, birth_date, phone, email, street_address, city, state , points) values (88, 'Mathe', 'Crocetti', '1952-12-27', '970-470-0119', 'mcrocetti2f@wsj.com', '2973 Jana Alley', 'Fort Collins', 'CO', 6354);
insert into customers (customer_id, first_name, last_name, birth_date, phone, email, street_address, city, state , points) values (89, 'Jen', 'Forgie', '1987-07-13', '818-543-2655', 'jforgie2g@github.com', '81401 Bayside Terrace', 'Brea', 'CA', 7120);
insert into customers (customer_id, first_name, last_name, birth_date, phone, email, street_address, city, state , points) values (90, 'Petunia', 'Adamski', '1952-03-11', '775-796-8028', 'padamski2h@desdev.cn', '11 Old Shore Hill', 'Reno', 'NV', 3535);
insert into customers (customer_id, first_name, last_name, birth_date, phone, email, street_address, city, state , points) values (91, 'Godfry', 'Gorick', '1995-12-29', '585-641-0493', 'ggorick2i@mysql.com', '838 6th Point', 'Rochester', 'NY', 3082);
insert into customers (customer_id, first_name, last_name, birth_date, phone, email, street_address, city, state , points) values (92, 'Tierney', 'Haldene', '1993-02-03', '601-114-0039', 'thaldene2j@house.gov', '8113 Gerald Parkway', 'Jackson', 'MS', 2859);
insert into customers (customer_id, first_name, last_name, birth_date, phone, email, street_address, city, state , points) values (93, 'Nadya', 'McCalum', '1993-08-02', '757-738-6893', null, '484 8th Avenue', 'Hampton', 'VA', 3195);
insert into customers (customer_id, first_name, last_name, birth_date, phone, email, street_address, city, state , points) values (94, 'Ronny', 'Izkovicz', '1988-02-18', '571-872-6993', null, '2 Lyons Drive', 'Arlington', 'VA', 4082);
insert into customers (customer_id, first_name, last_name, birth_date, phone, email, street_address, city, state , points) values (95, 'Alma', 'Fuster', '1980-06-21', '859-638-6713', 'afuster2m@ehow.com', '631 Dovetail Trail', 'Lexington', 'KY', 8812);
insert into customers (customer_id, first_name, last_name, birth_date, phone, email, street_address, city, state , points) values (96, 'Dyane', 'Cheevers', '1997-03-25', '225-231-2275', 'dcheevers2n@i2i.jp', '639 Lerdahl Center', 'Baton Rouge', 'LA', 4617);
insert into customers (customer_id, first_name, last_name, birth_date, phone, email, street_address, city, state , points) values (97, 'Pavla', 'Shilvock', '1989-10-03', '636-992-6416', 'pshilvock2o@deviantart.com', '16180 Warner Point', 'Saint Louis', 'MO', 3852);
insert into customers (customer_id, first_name, last_name, birth_date, phone, email, street_address, city, state , points) values (98, 'Huberto', 'Cristofvao', '1991-06-17', '202-688-6844', 'hcristofvao2p@mayoclinic.com', '02 Dennis Plaza', 'Washington', 'DC', 2039);
insert into customers (customer_id, first_name, last_name, birth_date, phone, email, street_address, city, state , points) values (99, 'Jaclyn', 'Donnan', '2000-12-23', '217-531-3693', null, '5 Randy Center', 'Springfield', 'IL', 2701);
insert into customers (customer_id, first_name, last_name, birth_date, phone, email, street_address, city, state , points) values (100, 'Clemmy', 'Healey', '1995-10-30', '559-706-9568', null, '0 Starling Crossing', 'Fresno', 'CA', 9186);

CREATE TABLE membership (
customer_id INT NOT NULL PRIMARY KEY,
membership_type VARCHAR(50) DEFAULT NULL CONSTRAINT CC1 CHECK (membership_type IN ('silver', 'gold', 'platinum')), 
FOREIGN KEY (customer_id) REFERENCES customers(customer_id) ON DELETE CASCADE ON UPDATE CASCADE );

insert into membership (customer_id, membership_type) values (1, 'gold');
insert into membership (customer_id, membership_type) values (2, null);
insert into membership (customer_id, membership_type) values (3, 'gold');
insert into membership (customer_id, membership_type) values (4, 'gold');
insert into membership (customer_id, membership_type) values (5, 'silver');
insert into membership (customer_id, membership_type) values (6, 'platinum');
insert into membership (customer_id, membership_type) values (7, null);
insert into membership (customer_id, membership_type) values (8, null);
insert into membership (customer_id, membership_type) values (9, 'silver');
insert into membership (customer_id, membership_type) values (10, null);
insert into membership (customer_id, membership_type) values (11, 'gold');
insert into membership (customer_id, membership_type) values (12, 'platinum');
insert into membership (customer_id, membership_type) values (13, 'silver');
insert into membership (customer_id, membership_type) values (14, 'gold');
insert into membership (customer_id, membership_type) values (15, 'gold');
insert into membership (customer_id, membership_type) values (16, 'platinum');
insert into membership (customer_id, membership_type) values (17, 'gold');
insert into membership (customer_id, membership_type) values (18, null);
insert into membership (customer_id, membership_type) values (19, null);
insert into membership (customer_id, membership_type) values (20, 'silver');
insert into membership (customer_id, membership_type) values (21, 'silver');
insert into membership (customer_id, membership_type) values (22, 'gold');
insert into membership (customer_id, membership_type) values (23, null);
insert into membership (customer_id, membership_type) values (24, 'gold');
insert into membership (customer_id, membership_type) values (25, 'platinum');
insert into membership (customer_id, membership_type) values (26, null);
insert into membership (customer_id, membership_type) values (27, 'platinum');
insert into membership (customer_id, membership_type) values (28, null);
insert into membership (customer_id, membership_type) values (29, 'gold');
insert into membership (customer_id, membership_type) values (30, 'gold');
insert into membership (customer_id, membership_type) values (31, null);
insert into membership (customer_id, membership_type) values (32, 'silver');
insert into membership (customer_id, membership_type) values (33, 'platinum');
insert into membership (customer_id, membership_type) values (34, 'platinum');
insert into membership (customer_id, membership_type) values (35, 'platinum');
insert into membership (customer_id, membership_type) values (36, 'gold');
insert into membership (customer_id, membership_type) values (37, 'gold');
insert into membership (customer_id, membership_type) values (38, 'gold');
insert into membership (customer_id, membership_type) values (39, 'silver');
insert into membership (customer_id, membership_type) values (40, 'silver');
insert into membership (customer_id, membership_type) values (41, null);
insert into membership (customer_id, membership_type) values (42, 'silver');
insert into membership (customer_id, membership_type) values (43, 'gold');
insert into membership (customer_id, membership_type) values (44, null);
insert into membership (customer_id, membership_type) values (45, 'silver');
insert into membership (customer_id, membership_type) values (46, 'gold');
insert into membership (customer_id, membership_type) values (47, 'silver');
insert into membership (customer_id, membership_type) values (48, 'silver');
insert into membership (customer_id, membership_type) values (49, null);
insert into membership (customer_id, membership_type) values (50, 'silver');
insert into membership (customer_id, membership_type) values (51, 'platinum');
insert into membership (customer_id, membership_type) values (52, null);
insert into membership (customer_id, membership_type) values (53, 'platinum');
insert into membership (customer_id, membership_type) values (54, 'platinum');
insert into membership (customer_id, membership_type) values (55, 'gold');
insert into membership (customer_id, membership_type) values (56, null);
insert into membership (customer_id, membership_type) values (57, 'platinum');
insert into membership (customer_id, membership_type) values (58, 'silver');
insert into membership (customer_id, membership_type) values (59, 'platinum');
insert into membership (customer_id, membership_type) values (60, null);
insert into membership (customer_id, membership_type) values (61, 'gold');
insert into membership (customer_id, membership_type) values (62, 'gold');
insert into membership (customer_id, membership_type) values (63, 'platinum');
insert into membership (customer_id, membership_type) values (64, 'platinum');
insert into membership (customer_id, membership_type) values (65, null);
insert into membership (customer_id, membership_type) values (66, 'gold');
insert into membership (customer_id, membership_type) values (67, 'gold');
insert into membership (customer_id, membership_type) values (68, 'gold');
insert into membership (customer_id, membership_type) values (69, null);
insert into membership (customer_id, membership_type) values (70, null);
insert into membership (customer_id, membership_type) values (71, 'gold');
insert into membership (customer_id, membership_type) values (72, 'gold');
insert into membership (customer_id, membership_type) values (73, 'gold');
insert into membership (customer_id, membership_type) values (74, 'platinum');
insert into membership (customer_id, membership_type) values (75, null);
insert into membership (customer_id, membership_type) values (76, 'silver');
insert into membership (customer_id, membership_type) values (77, 'gold');
insert into membership (customer_id, membership_type) values (78, null);
insert into membership (customer_id, membership_type) values (79, 'platinum');
insert into membership (customer_id, membership_type) values (80, 'gold');
insert into membership (customer_id, membership_type) values (81, null);
insert into membership (customer_id, membership_type) values (82, 'gold');
insert into membership (customer_id, membership_type) values (83, null);
insert into membership (customer_id, membership_type) values (84, 'silver');
insert into membership (customer_id, membership_type) values (85, 'gold');
insert into membership (customer_id, membership_type) values (86, 'gold');
insert into membership (customer_id, membership_type) values (87, 'gold');
insert into membership (customer_id, membership_type) values (88, 'platinum');
insert into membership (customer_id, membership_type) values (89, 'platinum');
insert into membership (customer_id, membership_type) values (90, 'platinum');
insert into membership (customer_id, membership_type) values (91, 'gold');
insert into membership (customer_id, membership_type) values (92, 'gold');
insert into membership (customer_id, membership_type) values (93, 'gold');
insert into membership (customer_id, membership_type) values (94, 'gold');
insert into membership (customer_id, membership_type) values (95, null);
insert into membership (customer_id, membership_type) values (96, 'silver');
insert into membership (customer_id, membership_type) values (97, 'platinum');
insert into membership (customer_id, membership_type) values (98, null);
insert into membership (customer_id, membership_type) values (99, 'gold');
insert into membership (customer_id, membership_type) values (100, 'gold');

CREATE TABLE shippers (
shipper_id SMALLINT NOT NULL PRIMARY KEY AUTO_INCREMENT, 
shipper_name VARCHAR(50) NOT NULL );

insert into shippers (shipper_id, shipper_name) values (1, 'Maggio, Leffler and Rau');
insert into shippers (shipper_id, shipper_name) values (2, 'Haley LLC');
insert into shippers (shipper_id, shipper_name) values (3, 'Watsica LLC');
insert into shippers (shipper_id, shipper_name) values (4, 'Jerde Inc');
insert into shippers (shipper_id, shipper_name) values (5, 'Kuvalis Group');
insert into shippers (shipper_id, shipper_name) values (6, 'Kessler Group');
insert into shippers (shipper_id, shipper_name) values (7, 'Baumbach and Sons');
insert into shippers (shipper_id, shipper_name) values (8, 'Bechtelar, Koelpin and Block');
insert into shippers (shipper_id, shipper_name) values (9, 'O''Connell, Pfeffer and Hilpert');
insert into shippers (shipper_id, shipper_name) values (10, 'Mayer LLC');


CREATE TABLE orders (
order_id INT NOT NULL PRIMARY KEY AUTO_INCREMENT, 
order_date DATE DEFAULT NULL, 
status INT NOT NULL CONSTRAINT CC2 CHECK (status IN ('1', '2', '3')) ,
shipper_id SMALLINT DEFAULT NULL  ,
shipped_date DATE DEFAULT NULL, 
FOREIGN KEY (shipper_id) REFERENCES shippers(shipper_id) ON DELETE CASCADE ON UPDATE CASCADE );

insert into orders (order_id, order_date, status, shipper_id, shipped_date) values (1, '2017-08-29', 2, null, '2017-09-01');
insert into orders (order_id, order_date, status, shipper_id, shipped_date) values (2, '2019-05-25', 3, 3, '2019-05-28');
insert into orders (order_id, order_date, status, shipper_id, shipped_date) values (3, '2022-05-11', 2, 10, '2022-05-14');
insert into orders (order_id, order_date, status, shipper_id, shipped_date) values (4, '2017-03-23', 2, 7, null);
insert into orders (order_id, order_date, status, shipper_id, shipped_date) values (5, '2018-04-20', 3, null, '2018-04-22');
insert into orders (order_id, order_date, status, shipper_id, shipped_date) values (6, '2017-01-28', 2, null, '2017-01-31');
insert into orders (order_id, order_date, status, shipper_id, shipped_date) values (7, '2017-08-27', 2, 1, '2017-08-29');
insert into orders (order_id, order_date, status, shipper_id, shipped_date) values (8, '2019-03-31', 2, 1, '2019-04-02');
insert into orders (order_id, order_date, status, shipper_id, shipped_date) values (9, '2017-12-24', 1, null, '2017-12-25');
insert into orders (order_id, order_date, status, shipper_id, shipped_date) values (10, '2022-06-29', 1, 4, '2022-06-30');
insert into orders (order_id, order_date, status, shipper_id, shipped_date) values (11, '2016-06-02', 2, null, '2016-06-05');
insert into orders (order_id, order_date, status, shipper_id, shipped_date) values (12, '2015-12-09', 1, null, '2015-12-12');
insert into orders (order_id, order_date, status, shipper_id, shipped_date) values (13, '2021-10-17', 2, 2, '2021-10-20');
insert into orders (order_id, order_date, status, shipper_id, shipped_date) values (14, '2018-01-14', 1, null, null);
insert into orders (order_id, order_date, status, shipper_id, shipped_date) values (15, '2022-05-12', 2, 8, '2022-05-13');
insert into orders (order_id, order_date, status, shipper_id, shipped_date) values (16, '2017-12-06', 1, 2, '2017-12-08');
insert into orders (order_id, order_date, status, shipper_id, shipped_date) values (17, '2018-09-13', 2, null, '2018-09-14');
insert into orders (order_id, order_date, status, shipper_id, shipped_date) values (18, '2019-03-15', 3, null, '2019-03-18');
insert into orders (order_id, order_date, status, shipper_id, shipped_date) values (19, '2021-05-26', 2, 10, '2021-05-29');
insert into orders (order_id, order_date, status, shipper_id, shipped_date) values (20, '2018-11-07', 1, 1, '2018-11-09');
insert into orders (order_id, order_date, status, shipper_id, shipped_date) values (21, '2020-12-17', 2, null, '2020-12-18');
insert into orders (order_id, order_date, status, shipper_id, shipped_date) values (22, '2017-03-05', 1, 2, '2017-03-06');
insert into orders (order_id, order_date, status, shipper_id, shipped_date) values (23, '2022-05-05', 3, 9, null);
insert into orders (order_id, order_date, status, shipper_id, shipped_date) values (24, '2021-11-18', 3, 1, '2021-11-19');
insert into orders (order_id, order_date, status, shipper_id, shipped_date) values (25, '2019-01-13', 3, 10, '2019-01-14');
insert into orders (order_id, order_date, status, shipper_id, shipped_date) values (26, '2018-08-29', 1, 2, null);
insert into orders (order_id, order_date, status, shipper_id, shipped_date) values (27, '2016-03-27', 2, 2, null);
insert into orders (order_id, order_date, status, shipper_id, shipped_date) values (28, '2018-03-31', 3, 9, '2018-04-01');
insert into orders (order_id, order_date, status, shipper_id, shipped_date) values (29, '2017-10-23', 1, 3, '2017-10-26');
insert into orders (order_id, order_date, status, shipper_id, shipped_date) values (30, '2017-07-26', 1, null, null);
insert into orders (order_id, order_date, status, shipper_id, shipped_date) values (31, '2018-06-29', 3, 6, '2018-07-01');
insert into orders (order_id, order_date, status, shipper_id, shipped_date) values (32, '2021-10-29', 2, null, null);
insert into orders (order_id, order_date, status, shipper_id, shipped_date) values (33, '2021-03-21', 1, 8, '2021-03-22');
insert into orders (order_id, order_date, status, shipper_id, shipped_date) values (34, '2021-11-09', 3, 6, '2021-11-12');
insert into orders (order_id, order_date, status, shipper_id, shipped_date) values (35, '2021-08-26', 3, 9, null);
insert into orders (order_id, order_date, status, shipper_id, shipped_date) values (36, '2018-05-09', 3, 5, null);
insert into orders (order_id, order_date, status, shipper_id, shipped_date) values (37, '2018-03-24', 1, 5, null);
insert into orders (order_id, order_date, status, shipper_id, shipped_date) values (38, '2021-06-06', 2, 2, '2021-06-08');
insert into orders (order_id, order_date, status, shipper_id, shipped_date) values (39, '2016-10-20', 1, 2, '2016-10-22');
insert into orders (order_id, order_date, status, shipper_id, shipped_date) values (40, '2019-07-08', 3, null, null);
insert into orders (order_id, order_date, status, shipper_id, shipped_date) values (41, '2018-06-15', 1, 8, null);
insert into orders (order_id, order_date, status, shipper_id, shipped_date) values (42, '2022-06-03', 3, 2, '2022-06-06');
insert into orders (order_id, order_date, status, shipper_id, shipped_date) values (43, '2018-08-04', 1, 7, '2018-08-06');
insert into orders (order_id, order_date, status, shipper_id, shipped_date) values (44, '2016-08-12', 3, 6, null);
insert into orders (order_id, order_date, status, shipper_id, shipped_date) values (45, '2016-05-03', 1, 1, '2016-05-04');
insert into orders (order_id, order_date, status, shipper_id, shipped_date) values (46, '2016-05-03', 3, null, '2016-05-06');
insert into orders (order_id, order_date, status, shipper_id, shipped_date) values (47, '2015-11-07', 3, null, '2015-11-09');
insert into orders (order_id, order_date, status, shipper_id, shipped_date) values (48, '2019-11-30', 3, null, '2019-12-01');
insert into orders (order_id, order_date, status, shipper_id, shipped_date) values (49, '2017-05-05', 1, 5, '2017-05-06');
insert into orders (order_id, order_date, status, shipper_id, shipped_date) values (50, '2020-03-27', 2, null, null);
insert into orders (order_id, order_date, status, shipper_id, shipped_date) values (51, '2021-07-01', 2, 3, null);
insert into orders (order_id, order_date, status, shipper_id, shipped_date) values (52, '2017-04-22', 3, 1, null);
insert into orders (order_id, order_date, status, shipper_id, shipped_date) values (53, '2019-02-02', 3, 2, '2019-02-04');
insert into orders (order_id, order_date, status, shipper_id, shipped_date) values (54, '2018-09-05', 1, null, '2018-09-07');
insert into orders (order_id, order_date, status, shipper_id, shipped_date) values (55, '2017-12-15', 2, 8, null);
insert into orders (order_id, order_date, status, shipper_id, shipped_date) values (56, '2020-05-30', 3, null, '2020-06-02');
insert into orders (order_id, order_date, status, shipper_id, shipped_date) values (57, '2020-03-12', 2, 7, null);
insert into orders (order_id, order_date, status, shipper_id, shipped_date) values (58, '2017-01-18', 2, 9, '2017-01-20');
insert into orders (order_id, order_date, status, shipper_id, shipped_date) values (59, '2020-01-02', 1, 5, null);
insert into orders (order_id, order_date, status, shipper_id, shipped_date) values (60, '2021-07-19', 2, 1, null);
insert into orders (order_id, order_date, status, shipper_id, shipped_date) values (61, '2018-03-06', 2, null, null);
insert into orders (order_id, order_date, status, shipper_id, shipped_date) values (62, '2019-06-11', 1, 1, null);
insert into orders (order_id, order_date, status, shipper_id, shipped_date) values (63, '2020-12-03', 3, null, null);
insert into orders (order_id, order_date, status, shipper_id, shipped_date) values (64, '2016-06-26', 3, null, '2016-06-28');
insert into orders (order_id, order_date, status, shipper_id, shipped_date) values (65, '2021-06-18', 3, 7, null);
insert into orders (order_id, order_date, status, shipper_id, shipped_date) values (66, '2017-07-04', 2, 4, '2017-07-05');
insert into orders (order_id, order_date, status, shipper_id, shipped_date) values (67, '2016-04-08', 1, 5, '2016-04-10');
insert into orders (order_id, order_date, status, shipper_id, shipped_date) values (68, '2019-05-16', 1, 3, null);
insert into orders (order_id, order_date, status, shipper_id, shipped_date) values (69, '2021-05-11', 1, null, '2021-05-14');
insert into orders (order_id, order_date, status, shipper_id, shipped_date) values (70, '2017-05-06', 1, 4, '2017-05-07');
insert into orders (order_id, order_date, status, shipper_id, shipped_date) values (71, '2018-12-04', 3, 9, '2018-12-06');
insert into orders (order_id, order_date, status, shipper_id, shipped_date) values (72, '2021-04-21', 3, 1, '2021-04-24');
insert into orders (order_id, order_date, status, shipper_id, shipped_date) values (73, '2018-07-18', 1, null, '2018-07-21');
insert into orders (order_id, order_date, status, shipper_id, shipped_date) values (74, '2017-06-09', 1, null, null);
insert into orders (order_id, order_date, status, shipper_id, shipped_date) values (75, '2019-05-11', 2, null, '2019-05-14');
insert into orders (order_id, order_date, status, shipper_id, shipped_date) values (76, '2020-10-22', 2, null, null);
insert into orders (order_id, order_date, status, shipper_id, shipped_date) values (77, '2022-06-04', 1, null, '2022-06-07');
insert into orders (order_id, order_date, status, shipper_id, shipped_date) values (78, '2016-11-17', 2, 9, '2016-11-19');
insert into orders (order_id, order_date, status, shipper_id, shipped_date) values (79, '2016-08-09', 1, null, '2016-08-11');
insert into orders (order_id, order_date, status, shipper_id, shipped_date) values (80, '2020-04-06', 2, 10, null);
insert into orders (order_id, order_date, status, shipper_id, shipped_date) values (81, '2016-02-28', 2, 7, null);
insert into orders (order_id, order_date, status, shipper_id, shipped_date) values (82, '2019-03-20', 3, 8, '2019-03-22');
insert into orders (order_id, order_date, status, shipper_id, shipped_date) values (83, '2016-05-19', 3, 1, null);
insert into orders (order_id, order_date, status, shipper_id, shipped_date) values (84, '2018-03-20', 2, 1, null);
insert into orders (order_id, order_date, status, shipper_id, shipped_date) values (85, '2022-08-24', 3, 5, '2022-08-26');
insert into orders (order_id, order_date, status, shipper_id, shipped_date) values (86, '2017-01-29', 3, 7, null);
insert into orders (order_id, order_date, status, shipper_id, shipped_date) values (87, '2022-04-02', 1, 1, '2022-04-05');
insert into orders (order_id, order_date, status, shipper_id, shipped_date) values (88, '2017-10-02', 3, 4, '2017-10-05');
insert into orders (order_id, order_date, status, shipper_id, shipped_date) values (89, '2018-12-10', 2, 9, '2018-12-12');
insert into orders (order_id, order_date, status, shipper_id, shipped_date) values (90, '2021-08-11', 1, null, '2021-08-13');
insert into orders (order_id, order_date, status, shipper_id, shipped_date) values (91, '2021-01-15', 1, null, '2021-01-17');
insert into orders (order_id, order_date, status, shipper_id, shipped_date) values (92, '2018-11-02', 3, null, null);
insert into orders (order_id, order_date, status, shipper_id, shipped_date) values (93, '2022-10-01', 1, 6, '2022-10-04');
insert into orders (order_id, order_date, status, shipper_id, shipped_date) values (94, '2017-08-06', 2, 5, '2017-08-07');
insert into orders (order_id, order_date, status, shipper_id, shipped_date) values (95, '2022-06-10', 1, null, '2022-06-11');
insert into orders (order_id, order_date, status, shipper_id, shipped_date) values (96, '2020-01-07', 3, null, null);
insert into orders (order_id, order_date, status, shipper_id, shipped_date) values (97, '2019-09-20', 1, 9, null);
insert into orders (order_id, order_date, status, shipper_id, shipped_date) values (98, '2021-04-27', 2, null, '2021-04-29');
insert into orders (order_id, order_date, status, shipper_id, shipped_date) values (99, '2016-05-02', 3, 8, '2016-05-03');
insert into orders (order_id, order_date, status, shipper_id, shipped_date) values (100, '2016-04-12', 2, 4, null);


CREATE TABLE products (
product_id INT NOT NULL PRIMARY KEY AUTO_INCREMENT,
product_name VARCHAR(50) NOT NULL,
quantity_in_stock INT NOT NULL,
unit_price FLOAT NOT NULL
);

insert into products (product_id, product_name, quantity_in_stock, unit_price) values (1, 'Cabbage - Nappa', 67, 1.22);
insert into products (product_id, product_name, quantity_in_stock, unit_price) values (2, 'Tea - Green', 100, 1.34);
insert into products (product_id, product_name, quantity_in_stock, unit_price) values (3, 'French Pastry - Mini Chocolate', 52, 2.09);
insert into products (product_id, product_name, quantity_in_stock, unit_price) values (4, 'Asparagus - Frozen', 99, 2.53);
insert into products (product_id, product_name, quantity_in_stock, unit_price) values (5, 'Lotus Rootlets - Canned', 50, 1.66);
insert into products (product_id, product_name, quantity_in_stock, unit_price) values (6, 'Bread - Rolls, Rye', 63, 2.53);
insert into products (product_id, product_name, quantity_in_stock, unit_price) values (7, 'Noodles - Steamed Chow Mein', 52, 4.68);
insert into products (product_id, product_name, quantity_in_stock, unit_price) values (8, 'Nantuket Peach Orange', 78, 3.45);
insert into products (product_id, product_name, quantity_in_stock, unit_price) values (9, 'Ham - Cooked Italian', 36, 3.68);
insert into products (product_id, product_name, quantity_in_stock, unit_price) values (10, 'Soup Knorr Chili With Beans', 65, 4.93);
insert into products (product_id, product_name, quantity_in_stock, unit_price) values (11, 'Flavouring - Raspberry', 31, 2.66);
insert into products (product_id, product_name, quantity_in_stock, unit_price) values (12, 'Cheese - Perron Cheddar', 72, 2.24);
insert into products (product_id, product_name, quantity_in_stock, unit_price) values (13, 'Tobasco Sauce', 24, 2.47);
insert into products (product_id, product_name, quantity_in_stock, unit_price) values (14, 'Pastry - French Mini Assorted', 82, 2.41);
insert into products (product_id, product_name, quantity_in_stock, unit_price) values (15, 'Garam Marsala', 64, 1.96);
insert into products (product_id, product_name, quantity_in_stock, unit_price) values (16, 'Milk - 2%', 53, 2.69);
insert into products (product_id, product_name, quantity_in_stock, unit_price) values (17, 'Pepper - Green', 20, 2.21);
insert into products (product_id, product_name, quantity_in_stock, unit_price) values (18, 'Bacardi Mojito', 60, 2.99);
insert into products (product_id, product_name, quantity_in_stock, unit_price) values (19, 'Chicken - White Meat With Tender', 60, 4.2);
insert into products (product_id, product_name, quantity_in_stock, unit_price) values (20, 'Chips - Assorted', 25, 4.21);
insert into products (product_id, product_name, quantity_in_stock, unit_price) values (21, 'Wine - Peller Estates Late', 87, 2.95);
insert into products (product_id, product_name, quantity_in_stock, unit_price) values (22, 'Wine - Sherry Dry Sack, William', 98, 3.32);
insert into products (product_id, product_name, quantity_in_stock, unit_price) values (23, 'Egg Patty Fried', 91, 4.28);
insert into products (product_id, product_name, quantity_in_stock, unit_price) values (24, 'White Fish - Filets', 94, 2.82);
insert into products (product_id, product_name, quantity_in_stock, unit_price) values (25, 'Beef - Top Sirloin', 27, 4.12);
insert into products (product_id, product_name, quantity_in_stock, unit_price) values (26, 'Sauce - Alfredo', 43, 3.8);
insert into products (product_id, product_name, quantity_in_stock, unit_price) values (27, 'Taro Leaves', 43, 1.97);
insert into products (product_id, product_name, quantity_in_stock, unit_price) values (28, 'Pectin', 73, 1.47);
insert into products (product_id, product_name, quantity_in_stock, unit_price) values (29, 'Lettuce - Curly Endive', 78, 3.63);
insert into products (product_id, product_name, quantity_in_stock, unit_price) values (30, 'Wine - Red, Pelee Island Merlot', 28, 1.27);


CREATE TABLE order_items (
order_id INT NOT NULL , 
product_id INT NOT NULL ,
quantity INT NOT NULL, 
unit_price FLOAT NOT NULL,
PRIMARY KEY(order_id, product_id),
FOREIGN KEY (order_id) REFERENCES orders(order_id) ON DELETE CASCADE ON UPDATE CASCADE,
FOREIGN KEY (product_id) REFERENCES products(product_id) ON DELETE CASCADE ON UPDATE CASCADE  );

insert into order_items (order_id, product_id, quantity, unit_price) values (1, 27, 15, 8.45);
insert into order_items (order_id, product_id, quantity, unit_price) values (2, 15, 13, 5.37);
insert into order_items (order_id, product_id, quantity, unit_price) values (3, 24, 15, 4.86);
insert into order_items (order_id, product_id, quantity, unit_price) values (4, 24, 2, 4.94);
insert into order_items (order_id, product_id, quantity, unit_price) values (5, 22, 14, 8.8);
insert into order_items (order_id, product_id, quantity, unit_price) values (6, 5, 6, 2.6);
insert into order_items (order_id, product_id, quantity, unit_price) values (7, 24, 1, 3.69);
insert into order_items (order_id, product_id, quantity, unit_price) values (8, 15, 8, 2.0);
insert into order_items (order_id, product_id, quantity, unit_price) values (9, 6, 6, 1.28);
insert into order_items (order_id, product_id, quantity, unit_price) values (10, 2, 13, 6.76);
insert into order_items (order_id, product_id, quantity, unit_price) values (11, 19, 8, 6.0);
insert into order_items (order_id, product_id, quantity, unit_price) values (12, 16, 9, 8.56);
insert into order_items (order_id, product_id, quantity, unit_price) values (13, 18, 8, 9.6);
insert into order_items (order_id, product_id, quantity, unit_price) values (14, 3, 11, 6.96);
insert into order_items (order_id, product_id, quantity, unit_price) values (15, 17, 5, 4.14);
insert into order_items (order_id, product_id, quantity, unit_price) values (16, 18, 2, 7.32);
insert into order_items (order_id, product_id, quantity, unit_price) values (17, 13, 1, 9.1);
insert into order_items (order_id, product_id, quantity, unit_price) values (18, 24, 12, 3.35);
insert into order_items (order_id, product_id, quantity, unit_price) values (19, 29, 8, 3.54);
insert into order_items (order_id, product_id, quantity, unit_price) values (20, 4, 15, 1.15);
insert into order_items (order_id, product_id, quantity, unit_price) values (21, 12, 13, 6.08);
insert into order_items (order_id, product_id, quantity, unit_price) values (22, 8, 9, 6.08);
insert into order_items (order_id, product_id, quantity, unit_price) values (23, 10, 2, 8.96);
insert into order_items (order_id, product_id, quantity, unit_price) values (24, 21, 11, 9.92);
insert into order_items (order_id, product_id, quantity, unit_price) values (25, 8, 14, 2.42);
insert into order_items (order_id, product_id, quantity, unit_price) values (26, 2, 5, 8.21);
insert into order_items (order_id, product_id, quantity, unit_price) values (27, 15, 8, 6.15);
insert into order_items (order_id, product_id, quantity, unit_price) values (28, 27, 7, 8.61);
insert into order_items (order_id, product_id, quantity, unit_price) values (29, 7, 13, 3.68);
insert into order_items (order_id, product_id, quantity, unit_price) values (30, 29, 12, 7.39);
insert into order_items (order_id, product_id, quantity, unit_price) values (31, 24, 10, 4.67);
insert into order_items (order_id, product_id, quantity, unit_price) values (32, 11, 2, 9.87);
insert into order_items (order_id, product_id, quantity, unit_price) values (33, 26, 5, 8.67);
insert into order_items (order_id, product_id, quantity, unit_price) values (34, 18, 11, 6.29);
insert into order_items (order_id, product_id, quantity, unit_price) values (35, 27, 1, 1.45);
insert into order_items (order_id, product_id, quantity, unit_price) values (36, 9, 5, 2.7);
insert into order_items (order_id, product_id, quantity, unit_price) values (37, 25, 2, 1.66);
insert into order_items (order_id, product_id, quantity, unit_price) values (38, 21, 4, 9.11);
insert into order_items (order_id, product_id, quantity, unit_price) values (39, 23, 14, 9.38);
insert into order_items (order_id, product_id, quantity, unit_price) values (40, 21, 2, 8.24);
insert into order_items (order_id, product_id, quantity, unit_price) values (41, 10, 4, 1.1);
insert into order_items (order_id, product_id, quantity, unit_price) values (42, 26, 3, 7.29);
insert into order_items (order_id, product_id, quantity, unit_price) values (43, 23, 3, 2.27);
insert into order_items (order_id, product_id, quantity, unit_price) values (44, 20, 10, 4.54);
insert into order_items (order_id, product_id, quantity, unit_price) values (45, 15, 6, 6.09);
insert into order_items (order_id, product_id, quantity, unit_price) values (46, 29, 8, 9.6);
insert into order_items (order_id, product_id, quantity, unit_price) values (47, 2, 14, 2.65);
insert into order_items (order_id, product_id, quantity, unit_price) values (48, 19, 5, 7.56);
insert into order_items (order_id, product_id, quantity, unit_price) values (49, 13, 11, 3.45);
insert into order_items (order_id, product_id, quantity, unit_price) values (50, 3, 9, 8.05);
insert into order_items (order_id, product_id, quantity, unit_price) values (51, 25, 4, 5.49);
insert into order_items (order_id, product_id, quantity, unit_price) values (52, 20, 14, 9.34);
insert into order_items (order_id, product_id, quantity, unit_price) values (53, 15, 15, 8.51);
insert into order_items (order_id, product_id, quantity, unit_price) values (54, 16, 2, 3.56);
insert into order_items (order_id, product_id, quantity, unit_price) values (55, 7, 3, 3.27);
insert into order_items (order_id, product_id, quantity, unit_price) values (56, 29, 10, 7.8);
insert into order_items (order_id, product_id, quantity, unit_price) values (57, 14, 11, 9.79);
insert into order_items (order_id, product_id, quantity, unit_price) values (58, 28, 14, 4.4);
insert into order_items (order_id, product_id, quantity, unit_price) values (59, 29, 14, 7.07);
insert into order_items (order_id, product_id, quantity, unit_price) values (60, 18, 7, 8.53);
insert into order_items (order_id, product_id, quantity, unit_price) values (61, 13, 6, 5.84);
insert into order_items (order_id, product_id, quantity, unit_price) values (62, 20, 11, 9.95);
insert into order_items (order_id, product_id, quantity, unit_price) values (63, 13, 14, 5.69);
insert into order_items (order_id, product_id, quantity, unit_price) values (64, 21, 5, 5.72);
insert into order_items (order_id, product_id, quantity, unit_price) values (65, 30, 13, 8.83);
insert into order_items (order_id, product_id, quantity, unit_price) values (66, 1, 3, 1.04);
insert into order_items (order_id, product_id, quantity, unit_price) values (67, 28, 6, 1.5);
insert into order_items (order_id, product_id, quantity, unit_price) values (68, 2, 7, 3.81);
insert into order_items (order_id, product_id, quantity, unit_price) values (69, 15, 6, 6.89);
insert into order_items (order_id, product_id, quantity, unit_price) values (70, 9, 3, 5.4);
insert into order_items (order_id, product_id, quantity, unit_price) values (71, 23, 7, 4.51);
insert into order_items (order_id, product_id, quantity, unit_price) values (72, 3, 8, 5.08);
insert into order_items (order_id, product_id, quantity, unit_price) values (73, 23, 6, 8.81);
insert into order_items (order_id, product_id, quantity, unit_price) values (74, 23, 7, 7.36);
insert into order_items (order_id, product_id, quantity, unit_price) values (75, 2, 13, 2.67);
insert into order_items (order_id, product_id, quantity, unit_price) values (76, 1, 7, 9.98);
insert into order_items (order_id, product_id, quantity, unit_price) values (77, 22, 7, 1.93);
insert into order_items (order_id, product_id, quantity, unit_price) values (78, 18, 7, 4.8);
insert into order_items (order_id, product_id, quantity, unit_price) values (79, 1, 2, 2.76);
insert into order_items (order_id, product_id, quantity, unit_price) values (80, 1, 5, 2.17);
insert into order_items (order_id, product_id, quantity, unit_price) values (81, 8, 14, 3.67);
insert into order_items (order_id, product_id, quantity, unit_price) values (82, 22, 4, 9.66);
insert into order_items (order_id, product_id, quantity, unit_price) values (83, 5, 8, 9.79);
insert into order_items (order_id, product_id, quantity, unit_price) values (84, 18, 15, 9.34);
insert into order_items (order_id, product_id, quantity, unit_price) values (85, 11, 11, 6.13);
insert into order_items (order_id, product_id, quantity, unit_price) values (86, 23, 15, 3.42);
insert into order_items (order_id, product_id, quantity, unit_price) values (87, 4, 4, 3.39);
insert into order_items (order_id, product_id, quantity, unit_price) values (88, 28, 12, 7.65);
insert into order_items (order_id, product_id, quantity, unit_price) values (89, 1, 15, 6.38);
insert into order_items (order_id, product_id, quantity, unit_price) values (90, 7, 12, 7.55);
insert into order_items (order_id, product_id, quantity, unit_price) values (91, 15, 6, 2.81);
insert into order_items (order_id, product_id, quantity, unit_price) values (92, 19, 12, 9.28);
insert into order_items (order_id, product_id, quantity, unit_price) values (93, 3, 12, 7.2);
insert into order_items (order_id, product_id, quantity, unit_price) values (94, 27, 11, 4.47);
insert into order_items (order_id, product_id, quantity, unit_price) values (95, 11, 6, 4.04);
insert into order_items (order_id, product_id, quantity, unit_price) values (96, 3, 4, 5.4);
insert into order_items (order_id, product_id, quantity, unit_price) values (97, 29, 14, 4.72);
insert into order_items (order_id, product_id, quantity, unit_price) values (98, 21, 1, 8.41);
insert into order_items (order_id, product_id, quantity, unit_price) values (99, 20, 9, 2.23);
insert into order_items (order_id, product_id, quantity, unit_price) values (100, 10, 10, 5.53);
insert into order_items (order_id, product_id, quantity, unit_price) values (1, 1, 10, 4.38);
insert into order_items (order_id, product_id, quantity, unit_price) values (2, 24, 7, 8.33);
insert into order_items (order_id, product_id, quantity, unit_price) values (3, 20, 4, 1.18);
insert into order_items (order_id, product_id, quantity, unit_price) values (4, 18, 4, 5.43);
insert into order_items (order_id, product_id, quantity, unit_price) values (5, 17, 14, 7.73);
insert into order_items (order_id, product_id, quantity, unit_price) values (6, 12, 11, 8.17);
insert into order_items (order_id, product_id, quantity, unit_price) values (7, 23, 2, 4.01);
insert into order_items (order_id, product_id, quantity, unit_price) values (8, 21, 5, 2.28);
insert into order_items (order_id, product_id, quantity, unit_price) values (9, 26, 13, 4.53);
insert into order_items (order_id, product_id, quantity, unit_price) values (10, 14, 6, 9.47);
insert into order_items (order_id, product_id, quantity, unit_price) values (11, 5, 2, 3.23);
insert into order_items (order_id, product_id, quantity, unit_price) values (12, 9, 7, 9.88);
insert into order_items (order_id, product_id, quantity, unit_price) values (13, 20, 3, 7.87);
insert into order_items (order_id, product_id, quantity, unit_price) values (14, 18, 15, 5.41);
insert into order_items (order_id, product_id, quantity, unit_price) values (15, 22, 6, 2.18);
insert into order_items (order_id, product_id, quantity, unit_price) values (16, 14, 1, 6.11);
insert into order_items (order_id, product_id, quantity, unit_price) values (17, 27, 5, 5.5);
insert into order_items (order_id, product_id, quantity, unit_price) values (18, 26, 1, 5.14);
insert into order_items (order_id, product_id, quantity, unit_price) values (19, 9, 14, 2.9);
insert into order_items (order_id, product_id, quantity, unit_price) values (20, 10, 13, 7.15);
insert into order_items (order_id, product_id, quantity, unit_price) values (21, 3, 2, 9.81);
insert into order_items (order_id, product_id, quantity, unit_price) values (22, 29, 4, 2.66);
insert into order_items (order_id, product_id, quantity, unit_price) values (23, 29, 13, 9.23);
insert into order_items (order_id, product_id, quantity, unit_price) values (24, 23, 13, 8.31);
insert into order_items (order_id, product_id, quantity, unit_price) values (25, 6, 9, 8.17);
insert into order_items (order_id, product_id, quantity, unit_price) values (26, 7, 10, 4.82);
insert into order_items (order_id, product_id, quantity, unit_price) values (27, 25, 2, 8.02);
insert into order_items (order_id, product_id, quantity, unit_price) values (28, 20, 4, 6.73);
insert into order_items (order_id, product_id, quantity, unit_price) values (29, 4, 1, 7.77);
insert into order_items (order_id, product_id, quantity, unit_price) values (30, 12, 12, 4.37);
insert into order_items (order_id, product_id, quantity, unit_price) values (31, 23, 8, 8.67);
insert into order_items (order_id, product_id, quantity, unit_price) values (32, 9, 9, 2.01);
insert into order_items (order_id, product_id, quantity, unit_price) values (33, 20, 15, 6.71);
insert into order_items (order_id, product_id, quantity, unit_price) values (34, 30, 3, 3.29);
insert into order_items (order_id, product_id, quantity, unit_price) values (35, 14, 13, 1.24);
insert into order_items (order_id, product_id, quantity, unit_price) values (36, 2, 1, 2.84);
insert into order_items (order_id, product_id, quantity, unit_price) values (37, 22, 7, 2.54);
insert into order_items (order_id, product_id, quantity, unit_price) values (38, 17, 4, 9.34);
insert into order_items (order_id, product_id, quantity, unit_price) values (39, 15, 7, 3.16);
insert into order_items (order_id, product_id, quantity, unit_price) values (40, 20, 3, 1.99);
insert into order_items (order_id, product_id, quantity, unit_price) values (41, 15, 8, 3.26);
insert into order_items (order_id, product_id, quantity, unit_price) values (42, 21, 6, 7.11);
insert into order_items (order_id, product_id, quantity, unit_price) values (43, 3, 13, 6.16);
insert into order_items (order_id, product_id, quantity, unit_price) values (44, 1, 15, 2.53);
insert into order_items (order_id, product_id, quantity, unit_price) values (45, 8, 8, 4.71);
insert into order_items (order_id, product_id, quantity, unit_price) values (46, 25, 3, 3.14);
insert into order_items (order_id, product_id, quantity, unit_price) values (47, 26, 8, 9.04);
insert into order_items (order_id, product_id, quantity, unit_price) values (48, 2, 15, 9.74);
insert into order_items (order_id, product_id, quantity, unit_price) values (49, 3, 2, 8.81);
insert into order_items (order_id, product_id, quantity, unit_price) values (50, 14, 11, 3.44);
insert into order_items (order_id, product_id, quantity, unit_price) values (51, 11, 8, 2.06);
insert into order_items (order_id, product_id, quantity, unit_price) values (52, 1, 7, 4.13);
insert into order_items (order_id, product_id, quantity, unit_price) values (53, 6, 13, 8.17);
insert into order_items (order_id, product_id, quantity, unit_price) values (54, 19, 7, 6.8);
insert into order_items (order_id, product_id, quantity, unit_price) values (55, 19, 14, 5.63);
insert into order_items (order_id, product_id, quantity, unit_price) values (56, 21, 1, 8.69);
insert into order_items (order_id, product_id, quantity, unit_price) values (57, 10, 6, 6.24);
insert into order_items (order_id, product_id, quantity, unit_price) values (58, 22, 13, 2.15);
insert into order_items (order_id, product_id, quantity, unit_price) values (59, 21, 5, 8.42);
insert into order_items (order_id, product_id, quantity, unit_price) values (60, 1, 5, 8.49);
insert into order_items (order_id, product_id, quantity, unit_price) values (61, 23, 12, 2.81);
insert into order_items (order_id, product_id, quantity, unit_price) values (62, 10, 1, 3.86);
insert into order_items (order_id, product_id, quantity, unit_price) values (63, 25, 3, 9.76);
insert into order_items (order_id, product_id, quantity, unit_price) values (64, 6, 1, 9.71);
insert into order_items (order_id, product_id, quantity, unit_price) values (65, 22, 9, 1.09);
insert into order_items (order_id, product_id, quantity, unit_price) values (66, 19, 2, 9.7);
insert into order_items (order_id, product_id, quantity, unit_price) values (67, 1, 15, 7.57);
insert into order_items (order_id, product_id, quantity, unit_price) values (68, 19, 15, 6.6);
insert into order_items (order_id, product_id, quantity, unit_price) values (69, 1, 12, 5.44);
insert into order_items (order_id, product_id, quantity, unit_price) values (70, 2, 11, 3.79);
insert into order_items (order_id, product_id, quantity, unit_price) values (71, 16, 5, 8.11);
insert into order_items (order_id, product_id, quantity, unit_price) values (72, 2, 12, 5.68);
insert into order_items (order_id, product_id, quantity, unit_price) values (73, 21, 3, 3.58);
insert into order_items (order_id, product_id, quantity, unit_price) values (74, 8, 10, 9.0);
insert into order_items (order_id, product_id, quantity, unit_price) values (75, 5, 10, 7.61);
insert into order_items (order_id, product_id, quantity, unit_price) values (76, 6, 12, 9.81);
insert into order_items (order_id, product_id, quantity, unit_price) values (77, 9, 10, 2.12);
insert into order_items (order_id, product_id, quantity, unit_price) values (78, 21, 3, 6.26);
insert into order_items (order_id, product_id, quantity, unit_price) values (79, 28, 9, 8.77);
insert into order_items (order_id, product_id, quantity, unit_price) values (80, 26, 13, 7.33);
insert into order_items (order_id, product_id, quantity, unit_price) values (81, 27, 4, 2.27);
insert into order_items (order_id, product_id, quantity, unit_price) values (82, 12, 10, 3.3);
insert into order_items (order_id, product_id, quantity, unit_price) values (83, 14, 8, 5.83);
insert into order_items (order_id, product_id, quantity, unit_price) values (84, 27, 11, 4.07);
insert into order_items (order_id, product_id, quantity, unit_price) values (85, 13, 1, 9.94);
insert into order_items (order_id, product_id, quantity, unit_price) values (86, 29, 1, 5.14);
insert into order_items (order_id, product_id, quantity, unit_price) values (87, 23, 2, 9.12);
insert into order_items (order_id, product_id, quantity, unit_price) values (88, 26, 1, 5.15);
insert into order_items (order_id, product_id, quantity, unit_price) values (89, 19, 12, 6.97);
insert into order_items (order_id, product_id, quantity, unit_price) values (90, 23, 1, 4.0);
insert into order_items (order_id, product_id, quantity, unit_price) values (91, 18, 8, 9.62);
insert into order_items (order_id, product_id, quantity, unit_price) values (92, 10, 12, 5.4);
insert into order_items (order_id, product_id, quantity, unit_price) values (93, 9, 8, 6.56);
insert into order_items (order_id, product_id, quantity, unit_price) values (94, 2, 7, 9.44);
insert into order_items (order_id, product_id, quantity, unit_price) values (95, 29, 13, 3.06);
insert into order_items (order_id, product_id, quantity, unit_price) values (96, 7, 9, 8.42);
insert into order_items (order_id, product_id, quantity, unit_price) values (97, 4, 7, 7.93);
insert into order_items (order_id, product_id, quantity, unit_price) values (98, 6, 12, 3.82);
insert into order_items (order_id, product_id, quantity, unit_price) values (99, 14, 14, 4.32);
insert into order_items (order_id, product_id, quantity, unit_price) values (100, 3, 5, 2.36);
insert into order_items (order_id, product_id, quantity, unit_price) values (12, 1, 11, 6.24);
insert into order_items (order_id, product_id, quantity, unit_price) values (16, 2, 10, 2.02);
insert into order_items (order_id, product_id, quantity, unit_price) values (18, 3, 14, 9.67);
insert into order_items (order_id, product_id, quantity, unit_price) values (19, 3, 2, 7.09);
insert into order_items (order_id, product_id, quantity, unit_price) values (12, 3, 2, 8.22);
insert into order_items (order_id, product_id, quantity, unit_price) values (16, 1, 1, 9.81);
insert into order_items (order_id, product_id, quantity, unit_price) values (11, 2, 5, 7.97);
insert into order_items (order_id, product_id, quantity, unit_price) values (16, 29, 5, 1.19);
insert into order_items (order_id, product_id, quantity, unit_price) values (15, 3, 10, 2.7);
insert into order_items (order_id, product_id, quantity, unit_price) values (13, 3, 13, 5.27);
insert into order_items (order_id, product_id, quantity, unit_price) values (13, 2, 8, 2.62);
insert into order_items (order_id, product_id, quantity, unit_price) values (14, 30, 13, 3.84);
insert into order_items (order_id, product_id, quantity, unit_price) values (14, 2, 13, 9.36);
insert into order_items (order_id, product_id, quantity, unit_price) values (19, 1, 11, 1.47);
insert into order_items (order_id, product_id, quantity, unit_price) values (11, 3, 3, 4.2);
insert into order_items (order_id, product_id, quantity, unit_price) values (19, 13, 5, 9.35);
insert into order_items (order_id, product_id, quantity, unit_price) values (18, 9, 14, 8.28);
insert into order_items (order_id, product_id, quantity, unit_price) values (14, 1, 8, 8.28);
insert into order_items (order_id, product_id, quantity, unit_price) values (20, 3, 10, 7.05);
insert into order_items (order_id, product_id, quantity, unit_price) values (12, 19, 9, 6.79);
insert into order_items (order_id, product_id, quantity, unit_price) values (15, 2, 6, 5.38);
insert into order_items (order_id, product_id, quantity, unit_price) values (12, 12, 3, 2.76);
insert into order_items (order_id, product_id, quantity, unit_price) values (12, 21, 9, 2.06);
insert into order_items (order_id, product_id, quantity, unit_price) values (14, 16, 10, 2.86);
insert into order_items (order_id, product_id, quantity, unit_price) values (14, 29, 5, 6.22);
insert into order_items (order_id, product_id, quantity, unit_price) values (16, 17, 6, 6.68);
insert into order_items (order_id, product_id, quantity, unit_price) values (20, 2, 13, 9.82);
insert into order_items (order_id, product_id, quantity, unit_price) values (15, 1, 13, 4.44);
insert into order_items (order_id, product_id, quantity, unit_price) values (20, 1, 1, 7.7);
insert into order_items (order_id, product_id, quantity, unit_price) values (14, 11, 11, 2.98);

insert into order_items (order_id, product_id, quantity, unit_price) values (69, 10, 12, 1.03);
insert into order_items (order_id, product_id, quantity, unit_price) values (51, 10, 10, 3.9);
insert into order_items (order_id, product_id, quantity, unit_price) values (61, 19, 9, 6.73);
insert into order_items (order_id, product_id, quantity, unit_price) values (71, 14, 8, 2.23);
insert into order_items (order_id, product_id, quantity, unit_price) values (42, 18, 1, 7.0);
insert into order_items (order_id, product_id, quantity, unit_price) values (59, 20, 4, 2.93);
insert into order_items (order_id, product_id, quantity, unit_price) values (42, 12, 4, 6.94);
insert into order_items (order_id, product_id, quantity, unit_price) values (47, 19, 2, 4.54);
insert into order_items (order_id, product_id, quantity, unit_price) values (57, 12, 7, 2.97);
insert into order_items (order_id, product_id, quantity, unit_price) values (72, 11, 2, 7.15);
insert into order_items (order_id, product_id, quantity, unit_price) values (50, 15, 12, 1.1);
insert into order_items (order_id, product_id, quantity, unit_price) values (64, 17, 4, 5.81);
insert into order_items (order_id, product_id, quantity, unit_price) values (65, 11, 5, 3.15);
insert into order_items (order_id, product_id, quantity, unit_price) values (47, 16, 13, 1.85);
insert into order_items (order_id, product_id, quantity, unit_price) values (48, 12, 11, 4.13);
insert into order_items (order_id, product_id, quantity, unit_price) values (63, 21, 7, 2.85);
insert into order_items (order_id, product_id, quantity, unit_price) values (70, 16, 15, 1.26);
insert into order_items (order_id, product_id, quantity, unit_price) values (76, 17, 9, 8.19);
insert into order_items (order_id, product_id, quantity, unit_price) values (48, 16, 13, 5.73);
insert into order_items (order_id, product_id, quantity, unit_price) values (61, 21, 13, 4.41);
insert into order_items (order_id, product_id, quantity, unit_price) values (57, 25, 12, 1.63);
insert into order_items (order_id, product_id, quantity, unit_price) values (55, 20, 3, 8.95);
insert into order_items (order_id, product_id, quantity, unit_price) values (60, 25, 15, 2.41);
insert into order_items (order_id, product_id, quantity, unit_price) values (42, 25, 1, 1.01);
insert into order_items (order_id, product_id, quantity, unit_price) values (79, 15, 8, 2.28);
insert into order_items (order_id, product_id, quantity, unit_price) values (56, 18, 15, 3.56);
insert into order_items (order_id, product_id, quantity, unit_price) values (53, 25, 6, 8.47);
insert into order_items (order_id, product_id, quantity, unit_price) values (80, 16, 9, 4.34);
insert into order_items (order_id, product_id, quantity, unit_price) values (41, 22, 7, 9.09);
insert into order_items (order_id, product_id, quantity, unit_price) values (51, 20, 2, 3.46);
insert into order_items (order_id, product_id, quantity, unit_price) values (50, 12, 10, 1.46);
insert into order_items (order_id, product_id, quantity, unit_price) values (55, 3, 5, 6.17);
insert into order_items (order_id, product_id, quantity, unit_price) values (59, 14, 13, 6.42);
insert into order_items (order_id, product_id, quantity, unit_price) values (59, 24, 3, 8.23);
insert into order_items (order_id, product_id, quantity, unit_price) values (43, 10, 13, 1.94);
insert into order_items (order_id, product_id, quantity, unit_price) values (77, 12, 11, 1.74);
insert into order_items (order_id, product_id, quantity, unit_price) values (50, 25, 4, 5.82);
insert into order_items (order_id, product_id, quantity, unit_price) values (69, 13, 11, 8.71);
insert into order_items (order_id, product_id, quantity, unit_price) values (74, 12, 1, 9.87);
insert into order_items (order_id, product_id, quantity, unit_price) values (54, 25, 2, 6.25);
insert into order_items (order_id, product_id, quantity, unit_price) values (54, 22, 11, 4.4);
insert into order_items (order_id, product_id, quantity, unit_price) values (46, 19, 12, 9.93);
insert into order_items (order_id, product_id, quantity, unit_price) values (51, 21, 10, 1.15);
insert into order_items (order_id, product_id, quantity, unit_price) values (45, 23, 7, 8.79);
insert into order_items (order_id, product_id, quantity, unit_price) values (46, 18, 7, 1.21);
insert into order_items (order_id, product_id, quantity, unit_price) values (40, 24, 3, 4.7);
insert into order_items (order_id, product_id, quantity, unit_price) values (55, 18, 13, 6.18);
insert into order_items (order_id, product_id, quantity, unit_price) values (78, 16, 2, 7.55);
insert into order_items (order_id, product_id, quantity, unit_price) values (40, 10, 15, 5.54);
insert into order_items (order_id, product_id, quantity, unit_price) values (56, 10, 8, 6.86);
insert into order_items (order_id, product_id, quantity, unit_price) values (67, 12, 12, 9.75);
insert into order_items (order_id, product_id, quantity, unit_price) values (47, 21, 12, 7.96);
insert into order_items (order_id, product_id, quantity, unit_price) values (41, 12, 8, 5.23);
insert into order_items (order_id, product_id, quantity, unit_price) values (47, 13, 3, 6.63);
insert into order_items (order_id, product_id, quantity, unit_price) values (47, 14, 3, 6.04);
insert into order_items (order_id, product_id, quantity, unit_price) values (77, 19, 6, 4.3);
insert into order_items (order_id, product_id, quantity, unit_price) values (78, 9, 7, 2.58);
insert into order_items (order_id, product_id, quantity, unit_price) values (44, 24, 6, 6.14);
insert into order_items (order_id, product_id, quantity, unit_price) values (46, 21, 15, 5.53);
insert into order_items (order_id, product_id, quantity, unit_price) values (56, 22, 5, 4.25);
insert into order_items (order_id, product_id, quantity, unit_price) values (73, 12, 2, 6.71);
insert into order_items (order_id, product_id, quantity, unit_price) values (74, 18, 11, 5.85);
insert into order_items (order_id, product_id, quantity, unit_price) values (74, 11, 11, 6.03);
insert into order_items (order_id, product_id, quantity, unit_price) values (65, 1, 13, 7.71);
insert into order_items (order_id, product_id, quantity, unit_price) values (66, 13, 14, 8.8);
insert into order_items (order_id, product_id, quantity, unit_price) values (72, 21, 1, 5.79);
insert into order_items (order_id, product_id, quantity, unit_price) values (77, 16, 8, 9.72);
insert into order_items (order_id, product_id, quantity, unit_price) values (52, 23, 10, 3.66);
insert into order_items (order_id, product_id, quantity, unit_price) values (78, 24, 10, 5.56);
insert into order_items (order_id, product_id, quantity, unit_price) values (65, 25, 13, 9.28);


drop table order_payments_details;
CREATE TABLE order_payments_details (
customer_id INT NOT NULL,
order_id INT NOT NULL,
payment_id INT NOT NULL ,
PRIMARY KEY (customer_id, order_id, payment_id),
FOREIGN KEY (customer_id) REFERENCES customers(customer_id) ON DELETE CASCADE ON UPDATE CASCADE,
FOREIGN KEY (order_id) REFERENCES orders(order_id) ON DELETE CASCADE ON UPDATE CASCADE ,
FOREIGN KEY (payment_id) REFERENCES payments(payment_id) ON DELETE CASCADE ON UPDATE CASCADE 
);

insert into order_payments_details (customer_id, order_id, payment_id) values (20, 1, 100);
insert into order_payments_details (customer_id, order_id, payment_id) values (82, 2, 99);
insert into order_payments_details (customer_id, order_id, payment_id) values (81, 3, 98);
insert into order_payments_details (customer_id, order_id, payment_id) values (2, 4, 97);
insert into order_payments_details (customer_id, order_id, payment_id) values (11, 5, 96);
insert into order_payments_details (customer_id, order_id, payment_id) values (42, 6, 95);
insert into order_payments_details (customer_id, order_id, payment_id) values (50, 7, 94);
insert into order_payments_details (customer_id, order_id, payment_id) values (6, 8, 93);
insert into order_payments_details (customer_id, order_id, payment_id) values (85, 9, 92);
insert into order_payments_details (customer_id, order_id, payment_id) values (50, 10, 91);
insert into order_payments_details (customer_id, order_id, payment_id) values (68, 11, 90);
insert into order_payments_details (customer_id, order_id, payment_id) values (77, 12, 80);
insert into order_payments_details (customer_id, order_id, payment_id) values (12, 13, 81);
insert into order_payments_details (customer_id, order_id, payment_id) values (74, 14, 82);
insert into order_payments_details (customer_id, order_id, payment_id) values (67, 15, 83);
insert into order_payments_details (customer_id, order_id, payment_id) values (60, 16, 84);
insert into order_payments_details (customer_id, order_id, payment_id) values (78, 17, 85);
insert into order_payments_details (customer_id, order_id, payment_id) values (1, 18, 86);
insert into order_payments_details (customer_id, order_id, payment_id) values (21, 19, 87);
insert into order_payments_details (customer_id, order_id, payment_id) values (79, 20, 88);
insert into order_payments_details (customer_id, order_id, payment_id) values (62, 21, 89);
insert into order_payments_details (customer_id, order_id, payment_id) values (13, 22, 79);
insert into order_payments_details (customer_id, order_id, payment_id) values (42, 23, 78);
insert into order_payments_details (customer_id, order_id, payment_id) values (19, 24, 77);
insert into order_payments_details (customer_id, order_id, payment_id) values (24, 25, 76);
insert into order_payments_details (customer_id, order_id, payment_id) values (31, 26, 75);
insert into order_payments_details (customer_id, order_id, payment_id) values (69, 27, 74);
insert into order_payments_details (customer_id, order_id, payment_id) values (4, 28, 73);
insert into order_payments_details (customer_id, order_id, payment_id) values (6, 29, 72);
insert into order_payments_details (customer_id, order_id, payment_id) values (45, 30, 71);
insert into order_payments_details (customer_id, order_id, payment_id) values (51, 31, 70);
insert into order_payments_details (customer_id, order_id, payment_id) values (49, 32, 60);
insert into order_payments_details (customer_id, order_id, payment_id) values (56, 33, 61);
insert into order_payments_details (customer_id, order_id, payment_id) values (40, 34, 62);
insert into order_payments_details (customer_id, order_id, payment_id) values (4, 35, 63);
insert into order_payments_details (customer_id, order_id, payment_id) values (44, 36, 64);
insert into order_payments_details (customer_id, order_id, payment_id) values (73, 37, 65);
insert into order_payments_details (customer_id, order_id, payment_id) values (67, 38, 66);
insert into order_payments_details (customer_id, order_id, payment_id) values (34, 39, 67);
insert into order_payments_details (customer_id, order_id, payment_id) values (60, 40, 68);
insert into order_payments_details (customer_id, order_id, payment_id) values (10, 41, 69);
insert into order_payments_details (customer_id, order_id, payment_id) values (60, 42, 59);
insert into order_payments_details (customer_id, order_id, payment_id) values (83, 43, 58);
insert into order_payments_details (customer_id, order_id, payment_id) values (79, 44, 57);
insert into order_payments_details (customer_id, order_id, payment_id) values (24, 45, 56);
insert into order_payments_details (customer_id, order_id, payment_id) values (51, 46, 55);
insert into order_payments_details (customer_id, order_id, payment_id) values (27, 47, 54);
insert into order_payments_details (customer_id, order_id, payment_id) values (65, 48, 53);
insert into order_payments_details (customer_id, order_id, payment_id) values (9, 49, 52);
insert into order_payments_details (customer_id, order_id, payment_id) values (32, 50, 51);
insert into order_payments_details (customer_id, order_id, payment_id) values (38, 51, 50);
insert into order_payments_details (customer_id, order_id, payment_id) values (65, 52, 40);
insert into order_payments_details (customer_id, order_id, payment_id) values (44, 53, 41);
insert into order_payments_details (customer_id, order_id, payment_id) values (40, 54, 42);
insert into order_payments_details (customer_id, order_id, payment_id) values (32, 55, 43);
insert into order_payments_details (customer_id, order_id, payment_id) values (20, 56, 44);
insert into order_payments_details (customer_id, order_id, payment_id) values (33, 57, 45);
insert into order_payments_details (customer_id, order_id, payment_id) values (44, 58, 46);
insert into order_payments_details (customer_id, order_id, payment_id) values (37, 59, 47);
insert into order_payments_details (customer_id, order_id, payment_id) values (71, 60, 48);
insert into order_payments_details (customer_id, order_id, payment_id) values (55, 61, 49);
insert into order_payments_details (customer_id, order_id, payment_id) values (16, 62, 30);
insert into order_payments_details (customer_id, order_id, payment_id) values (18, 63, 31);
insert into order_payments_details (customer_id, order_id, payment_id) values (42, 64, 32);
insert into order_payments_details (customer_id, order_id, payment_id) values (7, 65, 33);
insert into order_payments_details (customer_id, order_id, payment_id) values (10, 66, 34);
insert into order_payments_details (customer_id, order_id, payment_id) values (30, 67, 35);
insert into order_payments_details (customer_id, order_id, payment_id) values (34, 68, 36);
insert into order_payments_details (customer_id, order_id, payment_id) values (2, 69, 37);
insert into order_payments_details (customer_id, order_id, payment_id) values (51, 70, 38);
insert into order_payments_details (customer_id, order_id, payment_id) values (51, 71, 39);
insert into order_payments_details (customer_id, order_id, payment_id) values (18, 72, 29);
insert into order_payments_details (customer_id, order_id, payment_id) values (62, 73, 28);
insert into order_payments_details (customer_id, order_id, payment_id) values (17, 74, 27);
insert into order_payments_details (customer_id, order_id, payment_id) values (67, 75, 26);
insert into order_payments_details (customer_id, order_id, payment_id) values (85, 76, 25);
insert into order_payments_details (customer_id, order_id, payment_id) values (79, 77, 24);
insert into order_payments_details (customer_id, order_id, payment_id) values (64, 78, 23);
insert into order_payments_details (customer_id, order_id, payment_id) values (55, 79, 22);
insert into order_payments_details (customer_id, order_id, payment_id) values (65, 80, 21);
insert into order_payments_details (customer_id, order_id, payment_id) values (37, 81, 20);
insert into order_payments_details (customer_id, order_id, payment_id) values (6, 82, 10);
insert into order_payments_details (customer_id, order_id, payment_id) values (78, 83, 11);
insert into order_payments_details (customer_id, order_id, payment_id) values (55, 84, 12);
insert into order_payments_details (customer_id, order_id, payment_id) values (27, 85, 13);
insert into order_payments_details (customer_id, order_id, payment_id) values (70, 86, 14);
insert into order_payments_details (customer_id, order_id, payment_id) values (33, 87, 15);
insert into order_payments_details (customer_id, order_id, payment_id) values (51, 88, 16);
insert into order_payments_details (customer_id, order_id, payment_id) values (34, 89, 17);
insert into order_payments_details (customer_id, order_id, payment_id) values (80, 90, 18);
insert into order_payments_details (customer_id, order_id, payment_id) values (74, 91, 19);
insert into order_payments_details (customer_id, order_id, payment_id) values (41, 92, 9);
insert into order_payments_details (customer_id, order_id, payment_id) values (28, 93, 8);
insert into order_payments_details (customer_id, order_id, payment_id) values (50, 94, 7);
insert into order_payments_details (customer_id, order_id, payment_id) values (5, 95, 6);
insert into order_payments_details (customer_id, order_id, payment_id) values (22, 96, 5);
insert into order_payments_details (customer_id, order_id, payment_id) values (29, 97, 4);
insert into order_payments_details (customer_id, order_id, payment_id) values (11, 98, 3);
insert into order_payments_details (customer_id, order_id, payment_id) values (56, 99, 2);
insert into order_payments_details (customer_id, order_id, payment_id) values (14, 100, 1);

CREATE TABLE payment_method (
payment_method_id INT NOT NULL PRIMARY KEY, 
mode_of_payment VARCHAR(50) NOT NULL ); 
insert into payment_method (payment_method_id, mode_of_payment) values (1, 'cash');
insert into payment_method (payment_method_id, mode_of_payment) values (2, 'card');

CREATE TABLE payments (
payment_id INT NOT NULL PRIMARY KEY AUTO_INCREMENT,
payment_date DATE NOT NULL, 
total_amount FLOAT NOT NULL,
payment_method_id INT NOT NULL,
FOREIGN KEY (payment_method_id) REFERENCES payment_method(payment_method_id) ON DELETE CASCADE ON UPDATE CASCADE );

insert into payments (payment_id, payment_date, total_amount, payment_method_id) values (1, '2019-07-21', 69.78, 1);
insert into payments (payment_id, payment_date, total_amount, payment_method_id) values (2, '2018-11-01', 78.49, 2);
insert into payments (payment_id, payment_date, total_amount, payment_method_id) values (3, '2018-05-26', 259.82, 1);
insert into payments (payment_id, payment_date, total_amount, payment_method_id) values (4, '2020-01-26', 95.19, 1);
insert into payments (payment_id, payment_date, total_amount, payment_method_id) values (5, '2019-07-17', 134.54, 2);
insert into payments (payment_id, payment_date, total_amount, payment_method_id) values (6, '2016-03-16', 481.9, 1);
insert into payments (payment_id, payment_date, total_amount, payment_method_id) values (7, '2020-02-03', 152.32, 1);
insert into payments (payment_id, payment_date, total_amount, payment_method_id) values (8, '2018-02-21', 210.19, 1);
insert into payments (payment_id, payment_date, total_amount, payment_method_id) values (9, '2021-05-14', 44.17, 1);
insert into payments (payment_id, payment_date, total_amount, payment_method_id) values (10, '2020-05-27', 387.03, 1);
insert into payments (payment_id, payment_date, total_amount, payment_method_id) values (11, '2020-03-04', 28.85, 2);
insert into payments (payment_id, payment_date, total_amount, payment_method_id) values (12, '2019-06-11', 272.56, 2);
insert into payments (payment_id, payment_date, total_amount, payment_method_id) values (13, '2018-03-27', 37.69, 2);
insert into payments (payment_id, payment_date, total_amount, payment_method_id) values (14, '2017-08-16', 250.9, 2);
insert into payments (payment_id, payment_date, total_amount, payment_method_id) values (15, '2015-12-31', 93.81, 1);
insert into payments (payment_id, payment_date, total_amount, payment_method_id) values (16, '2017-08-14', 37.21, 1);
insert into payments (payment_id, payment_date, total_amount, payment_method_id) values (17, '2018-12-07', 355.01, 2);
insert into payments (payment_id, payment_date, total_amount, payment_method_id) values (18, '2016-06-19', 287.53, 2);
insert into payments (payment_id, payment_date, total_amount, payment_method_id) values (19, '2022-08-19', 220.2, 1);
insert into payments (payment_id, payment_date, total_amount, payment_method_id) values (20, '2020-04-26', 348.41, 1);
insert into payments (payment_id, payment_date, total_amount, payment_method_id) values (21, '2020-08-07', 37.77, 1);
insert into payments (payment_id, payment_date, total_amount, payment_method_id) values (22, '2018-04-21', 213.31, 2);
insert into payments (payment_id, payment_date, total_amount, payment_method_id) values (23, '2016-06-25', 408.83, 1);
insert into payments (payment_id, payment_date, total_amount, payment_method_id) values (24, '2021-09-01', 390.71, 1);
insert into payments (payment_id, payment_date, total_amount, payment_method_id) values (25, '2017-09-22', 358.73, 1);
insert into payments (payment_id, payment_date, total_amount, payment_method_id) values (26, '2018-01-10', 349.53, 1);
insert into payments (payment_id, payment_date, total_amount, payment_method_id) values (27, '2021-11-28', 457.83, 2);
insert into payments (payment_id, payment_date, total_amount, payment_method_id) values (28, '2016-06-28', 111.55, 1);
insert into payments (payment_id, payment_date, total_amount, payment_method_id) values (29, '2018-06-15', 381.68, 2);
insert into payments (payment_id, payment_date, total_amount, payment_method_id) values (30, '2019-06-26', 38.16, 1);
insert into payments (payment_id, payment_date, total_amount, payment_method_id) values (31, '2017-08-14', 322.9, 2);
insert into payments (payment_id, payment_date, total_amount, payment_method_id) values (32, '2015-12-23', 496.04, 1);
insert into payments (payment_id, payment_date, total_amount, payment_method_id) values (33, '2022-02-11', 411.47, 2);
insert into payments (payment_id, payment_date, total_amount, payment_method_id) values (34, '2019-10-31', 248.25, 2);
insert into payments (payment_id, payment_date, total_amount, payment_method_id) values (35, '2019-07-22', 60.18, 2);
insert into payments (payment_id, payment_date, total_amount, payment_method_id) values (36, '2020-06-06', 252.89, 1);
insert into payments (payment_id, payment_date, total_amount, payment_method_id) values (37, '2018-04-16', 463.22, 2);
insert into payments (payment_id, payment_date, total_amount, payment_method_id) values (38, '2020-10-19', 212.93, 2);
insert into payments (payment_id, payment_date, total_amount, payment_method_id) values (39, '2016-03-04', 481.3, 2);
insert into payments (payment_id, payment_date, total_amount, payment_method_id) values (40, '2019-12-04', 407.68, 2);
insert into payments (payment_id, payment_date, total_amount, payment_method_id) values (41, '2021-03-23', 119.54, 2);
insert into payments (payment_id, payment_date, total_amount, payment_method_id) values (42, '2018-12-12', 165.19, 1);
insert into payments (payment_id, payment_date, total_amount, payment_method_id) values (43, '2021-02-15', 487.19, 1);
insert into payments (payment_id, payment_date, total_amount, payment_method_id) values (44, '2019-11-13', 493.18, 1);
insert into payments (payment_id, payment_date, total_amount, payment_method_id) values (45, '2022-09-25', 409.74, 2);
insert into payments (payment_id, payment_date, total_amount, payment_method_id) values (46, '2022-09-16', 424.32, 2);
insert into payments (payment_id, payment_date, total_amount, payment_method_id) values (47, '2021-02-21', 158.0, 1);
insert into payments (payment_id, payment_date, total_amount, payment_method_id) values (48, '2016-04-13', 119.75, 2);
insert into payments (payment_id, payment_date, total_amount, payment_method_id) values (49, '2018-09-11', 89.41, 2);
insert into payments (payment_id, payment_date, total_amount, payment_method_id) values (50, '2017-08-04', 459.91, 1);
insert into payments (payment_id, payment_date, total_amount, payment_method_id) values (51, '2018-08-09', 376.63, 1);
insert into payments (payment_id, payment_date, total_amount, payment_method_id) values (52, '2022-07-14', 417.6, 2);
insert into payments (payment_id, payment_date, total_amount, payment_method_id) values (53, '2016-12-25', 17.51, 1);
insert into payments (payment_id, payment_date, total_amount, payment_method_id) values (54, '2015-11-09', 416.11, 1);
insert into payments (payment_id, payment_date, total_amount, payment_method_id) values (55, '2017-12-19', 93.09, 1);
insert into payments (payment_id, payment_date, total_amount, payment_method_id) values (56, '2017-12-10', 200.14, 2);
insert into payments (payment_id, payment_date, total_amount, payment_method_id) values (57, '2022-04-25', 145.26, 2);
insert into payments (payment_id, payment_date, total_amount, payment_method_id) values (58, '2020-02-01', 434.25, 1);
insert into payments (payment_id, payment_date, total_amount, payment_method_id) values (59, '2017-08-15', 51.37, 1);
insert into payments (payment_id, payment_date, total_amount, payment_method_id) values (60, '2019-07-15', 431.62, 1);
insert into payments (payment_id, payment_date, total_amount, payment_method_id) values (61, '2016-10-26', 322.29, 2);
insert into payments (payment_id, payment_date, total_amount, payment_method_id) values (62, '2020-06-10', 422.07, 1);
insert into payments (payment_id, payment_date, total_amount, payment_method_id) values (63, '2022-03-06', 19.83, 1);
insert into payments (payment_id, payment_date, total_amount, payment_method_id) values (64, '2017-04-30', 383.15, 2);
insert into payments (payment_id, payment_date, total_amount, payment_method_id) values (65, '2020-11-07', 55.27, 2);
insert into payments (payment_id, payment_date, total_amount, payment_method_id) values (66, '2018-12-10', 286.43, 1);
insert into payments (payment_id, payment_date, total_amount, payment_method_id) values (67, '2021-02-12', 105.83, 2);
insert into payments (payment_id, payment_date, total_amount, payment_method_id) values (68, '2017-11-05', 159.72, 2);
insert into payments (payment_id, payment_date, total_amount, payment_method_id) values (69, '2018-07-10', 352.07, 2);
insert into payments (payment_id, payment_date, total_amount, payment_method_id) values (70, '2022-04-21', 343.48, 1);
insert into payments (payment_id, payment_date, total_amount, payment_method_id) values (71, '2019-07-11', 339.89, 1);
insert into payments (payment_id, payment_date, total_amount, payment_method_id) values (72, '2021-04-05', 218.5, 2);
insert into payments (payment_id, payment_date, total_amount, payment_method_id) values (73, '2018-06-20', 101.32, 1);
insert into payments (payment_id, payment_date, total_amount, payment_method_id) values (74, '2021-05-10', 239.21, 2);
insert into payments (payment_id, payment_date, total_amount, payment_method_id) values (75, '2022-03-09', 135.93, 1);
insert into payments (payment_id, payment_date, total_amount, payment_method_id) values (76, '2022-03-31', 285.1, 2);
insert into payments (payment_id, payment_date, total_amount, payment_method_id) values (77, '2019-09-06', 25.05, 1);
insert into payments (payment_id, payment_date, total_amount, payment_method_id) values (78, '2016-07-20', 40.94, 1);
insert into payments (payment_id, payment_date, total_amount, payment_method_id) values (79, '2018-11-07', 446.87, 1);
insert into payments (payment_id, payment_date, total_amount, payment_method_id) values (80, '2016-07-21', 380.84, 2);
insert into payments (payment_id, payment_date, total_amount, payment_method_id) values (81, '2020-10-30', 104.1, 2);
insert into payments (payment_id, payment_date, total_amount, payment_method_id) values (82, '2022-08-28', 326.33, 2);
insert into payments (payment_id, payment_date, total_amount, payment_method_id) values (83, '2016-07-28', 354.83, 2);
insert into payments (payment_id, payment_date, total_amount, payment_method_id) values (84, '2018-06-30', 495.2, 1);
insert into payments (payment_id, payment_date, total_amount, payment_method_id) values (85, '2020-05-13', 148.66, 2);
insert into payments (payment_id, payment_date, total_amount, payment_method_id) values (86, '2016-10-20', 36.6, 1);
insert into payments (payment_id, payment_date, total_amount, payment_method_id) values (87, '2019-12-23', 16.31, 2);
insert into payments (payment_id, payment_date, total_amount, payment_method_id) values (88, '2020-06-27', 248.1, 1);
insert into payments (payment_id, payment_date, total_amount, payment_method_id) values (89, '2021-05-08', 142.42, 2);
insert into payments (payment_id, payment_date, total_amount, payment_method_id) values (90, '2016-07-02', 257.27, 2);
insert into payments (payment_id, payment_date, total_amount, payment_method_id) values (91, '2022-03-07', 166.79, 1);
insert into payments (payment_id, payment_date, total_amount, payment_method_id) values (92, '2019-02-23', 395.49, 2);
insert into payments (payment_id, payment_date, total_amount, payment_method_id) values (93, '2017-11-09', 208.73, 1);
insert into payments (payment_id, payment_date, total_amount, payment_method_id) values (94, '2020-10-27', 321.62, 2);
insert into payments (payment_id, payment_date, total_amount, payment_method_id) values (95, '2016-01-09', 107.83, 2);
insert into payments (payment_id, payment_date, total_amount, payment_method_id) values (96, '2017-01-01', 424.28, 2);
insert into payments (payment_id, payment_date, total_amount, payment_method_id) values (97, '2021-07-20', 333.67, 2);
insert into payments (payment_id, payment_date, total_amount, payment_method_id) values (98, '2016-02-22', 128.3, 1);
insert into payments (payment_id, payment_date, total_amount, payment_method_id) values (99, '2017-03-28', 454.23, 2);
insert into payments (payment_id, payment_date, total_amount, payment_method_id) values (100, '2022-08-13', 480.19, 2);

UPDATE order_items SET unit_price = 1.22 WHERE product_id = 1;
UPDATE order_items SET unit_price = 1.34 WHERE product_id = 2;
update order_items set unit_price = 2.09 where product_id = 3;
update order_items set unit_price = 2.53 where product_id = 4;
update order_items set unit_price = 1.66 where product_id = 5;
update order_items set unit_price = 2.53 where product_id = 6;
update order_items set unit_price = 4.68 where product_id = 7;
update order_items set unit_price = 3.45 where product_id = 8;
update order_items set unit_price = 3.68 where product_id = 9;
update order_items set unit_price = 4.93 where product_id = 10;
update order_items set unit_price = 2.66 where product_id = 11;
update order_items set unit_price = 2.24 where product_id = 12;
update order_items set unit_price = 2.47 where product_id = 13;
update order_items set unit_price = 2.41 where product_id = 14;
update order_items set unit_price = 1.96 where product_id = 15;
update order_items set unit_price = 2.69 where product_id = 16;
update order_items set unit_price = 2.21 where product_id = 17;
update order_items set unit_price = 2.99 where product_id = 18;
update order_items set unit_price = 4.2 where product_id = 19;
update order_items set unit_price = 4.21 where product_id = 20;
update order_items set unit_price = 2.95 where product_id = 21;
update order_items set unit_price = 3.32 where product_id = 22;
update order_items set unit_price = 4.28 where product_id = 23;
update order_items set unit_price = 2.82 where product_id = 24;
update order_items set unit_price = 4.12 where product_id = 25;
update order_items set unit_price = 3.8 where product_id = 26;
update order_items set unit_price = 1.97 where product_id = 27;
update order_items set unit_price = 1.47 where product_id = 28;
update order_items set unit_price = 3.63 where product_id = 29;
update order_items set unit_price = 1.27 where product_id = 30;

update payments set payment_date = (select order_date from orders where payments.payment_id = orders.order_id);

alter table order_items add total double(6,3);
update order_items set total = quantity * unit_price;

create view order_total as 
select order_id, sum(total) as total_sum from order_items
group by order_id;

update payments set total_amount = (select total_sum from order_total where payments.payment_id = order_total.order_id);